1,1,The Hollow,179,1
2,1,Magdalena,246,2
3,1,Rose,206,3
4,1,Judith,247,4
5,1,Orestes,288,5
6,1,3 Libras,220,6
7,1,Sleeping Beauty,251,7
8,1,Thomas,209,8
9,1,Renholdër,145,9
10,1,Thinking of You,275,10
11,1,Breña,265,11
12,1,Over,141,12
13,2,The Package,461,1
14,2,Weak and Powerless,195,2
15,2,The Noose,293,3
16,2,Blue,254,4
17,2,Vanishing,292,5
18,2,A Stranger,192,6
19,2,The Outsider,246,7
20,2,Crimes,155,8
21,2,The Nurse who Loved Me,245,9
22,2,Pet,274,10
23,2,Lullaby,122,11
24,2,Gravity,306,12
25,3,Annihilation,134,1
26,3,Imagine,288,2
27,3,Peace Love And Understanding,303,3
28,3,Whats Going On,294,4
29,3,Passive,250,5
30,3,Gimmie Gimmie Gimmie,139,6
31,3,People Are People,223,7
32,3,Freedom Of Choice,179,8
33,3,Lets Have A War,208,9
34,3,Counting Bodies Like Sheep To The Rhythm Of The War Drums,336,10
35,3,When The Levee Breaks,355,11
36,3,Fiddle And The Drum,188,12
37,4,Hard As A Rock,272,1
38,4,Cover You In Oil,273,2
39,4,The Furor,251,3
40,4,Boogie Man,248,4
41,4,The Honey Roll,336,5
42,4,Burnin Alive,306,6
43,4,Hail Cesar,315,7
44,4,Love Bomb,194,8
45,4,Caught With Your Pants Down,255,9
46,4,Whiskey On The Rocks,276,10
47,4,Ballbreaker,272,11
48,5,21 Things,208,1
49,5,Narcissus,219,2
50,5,Hands Clean,279,3
51,5,Flinch,364,4
52,5,So Unsexy,309,5
53,5,Precious Illusions,252,6
54,5,That Particular Time,262,7
55,5,A Man,273,8
56,5,You Owe Me Nothing,301,9
57,5,Surrendering,276,10
58,5,Utopia,290,11
59,6,Même si la vie cpas du foie gras,257,1
60,6,Mon coeur mon amour,264,2
61,6,Elle sort quavec des blacks,387,3
62,6,Christina,236,4
63,6,Intermède : pendant ce temps là en Ecosse,185,5
64,6,La vie est dure,288,6
65,6,Rap collectif,397,7
66,6,Je taime à en crever...,233,8
67,6,Intermède : pendant ce temps là sur MTV,163,9
68,6,B-B Baise moi,288,10
69,6,Bad blues player,392,11
70,6,La plus belle chose au monde,267,12
71,7,Armed And Dangerous Studio,368,1
72,7,Raise Hell Studio,243,2
73,7,God Save The Queen Studio - Non Lp,182,3
74,7,Metal Thrashing Mad Live,171,4
75,7,Panic Live,225,5
76,7,Soldiers Of Metal Collectors Rare Track,188,6
77,7,Howling Furies Collectors Rare Track,247,7
78,8,Deathrider,193,1
79,8,Metal Thrashing Mad,162,2
80,8,Im Eighteen,247,3
81,8,Panic,242,4
82,8,Subjugator,283,5
83,8,Soldiers Of Metal,180,6
84,8,Death From Above,310,7
85,8,Anthrax,209,8
86,8,Across The River,87,9
87,8,Howling Furies,235,10
88,9,A.I.R.,345,1
89,9,Lone Justice,277,2
90,9,Madhouse,260,3
91,9,S.S.C. / Stand Or Fall,248,4
92,9,The Enemy,325,5
93,9,Aftershock,269,6
94,9,Armed and Dangerous,344,7
95,9,Medusa,284,8
96,9,Gung-ho,275,9
97,10,Among the Living,316,1
98,10,Caught in a Mosh,300,2
99,10,I Am the Law,354,3
100,10,Efilnikufesin N.F.L.,295,4
101,10,Skeleton in the Closet,329,5
102,10,Indians,342,6
103,10,One World,356,7
104,10,A.D.I. / Horror of It All,469,8
105,10,Imitation of Life,262,9
106,11,Im the Man Censored Radio Version,184,1
107,11,Im the Man Def Uncensored Version,184,2
108,11,Sabbath Bloody Sabbath,348,3
109,11,Im the Man - Live Extremely Def IIi Uncensored Version,280,4
110,11,Caught in a Mosh - Live,334,5
111,11,I Am the Law - Live,349,6
112,12,Be All,384,1
113,12,Out Of Sight,314,2
114,12,Make Me Laugh,342,3
115,12,Antisocial,266,4
116,12,Who Cares Wins,457,5
117,12,Now Its Dark,337,6
118,12,Schism,329,7
119,12,Misery Loves Company,342,8
120,12,13,51,9
121,12,Finale,350,10
122,13,Time,416,1
123,13,Blood,434,2
124,13,Keep It In The Family,430,3
125,13,In My World,386,4
126,13,Gridlock,318,5
127,13,Intro To Reality,204,6
128,13,Belly Of The Beast,288,7
129,13,Got The Time,165,8
130,13,H8 Red,305,9
131,13,One Man Stands,339,10
132,13,Discharge,253,11
133,14,Friggin In The Riggin,320,3
134,14,Parasite,196,4
135,14,Sects,186,5
136,14,Pipeline,123,6
137,15,Potters Field,301,1
138,15,Only,297,2
139,15,Room For One More,296,3
140,15,Packaged Rebellion,377,4
141,15,Hy Pro Glo,272,5
142,15,Invisible,371,6
143,15,1000 Points Of Hate,301,7
144,15,Black Lodge,326,8
145,15,C11 H17 O2 N2 S Na,266,9
146,15,Burst,222,10
147,15,This Is Not An Exit,410,11
148,16,Random Acts of Senseless Violence,244,1
149,16,Fueled,242,2
150,16,King Size,240,3
151,16,Riding Shotgun,267,4
152,16,Perpetual Motion,261,5
153,16,In a Zone,308,6
154,16,Nothing,274,7
155,16,American Pompeii,331,8
156,16,Drop the Ball,300,9
157,16,Tester,262,10
158,16,Bare,330,11
159,17,Crush!,263,1
160,17,Catharsis,294,2
161,17,Inside Out,332,3
162,17,Piss N Vinigar,193,4
163,17,604,35,5
164,17,Toast To The Extras,265,6
165,17,Born Again Idiot,258,7
166,17,Killing Box,217,8
167,17,Harms Way,314,9
168,17,Hog Tied,278,10
169,17,Big Fat,361,11
170,17,Cupajoe,46,12
171,17,Alpha Male,186,13
172,17,Stealing From A Thief,785,14
173,18,Bring The Noise,206,1
174,18,Potters Field,285,3
175,18,Ball Of Confusion,274,4
176,18,Crush,261,5
177,18,Im The Man,182,14
178,19,Bury Me an Angel,221,1
179,19,Dark Insanity,197,2
180,19,Eureka,285,3
181,19,Idolatress,297,4
182,19,Cosmic Retribution,240,5
183,19,Demoniality,81,6
184,19,Transmigration Macabre,250,7
185,19,Time Capsule,68,8
186,19,Fields Of Desolation,332,9
187,19,Losing Faith,196,10
188,19,The Ides Of March,108,11
189,20,Beast Of Man,216,1
190,20,Stigmata,132,2
191,20,Sinister Manifesto,345,3
192,20,Dark Of The Sun,421,4
193,20,Let The Killing Begin,319,5
194,20,Black Earth,399,6
195,20,Tears Of The Dead,356,7
196,20,Vox Stellarum,128,8
197,20,Bridge Of Destiny,464,9
198,21,The Immortal,222,1
199,21,Dead Inside,251,2
200,21,Pilgrim,271,3
201,21,Silverwing,246,4
202,21,Demonic Science,321,5
203,21,Seed of Hate,247,6
204,21,Angelclaw,244,7
205,21,Burning Bridges,329,8
206,21,Diva Satanica,226,9
207,21,10-Hydra,56,10
208,23,Enemy Within,260,1
209,23,Burning Angel,255,2
210,23,Heart of Darkness,292,3
211,23,Ravenous,245,4
212,23,Savage Messiah,316,5
213,23,Dead Bury Their Dead,233,6
214,23,Web of Lies,234,7
215,23,The First Deadly Sin,259,8
216,23,Behind the Smile,209,9
217,23,Snow Bound,93,10
218,23,Shadows and Dust,268,11
219,24,Starbreaker,205,1
220,24,Aces High,265,2
221,24,Scream Of Anger,227,3
222,24,Fields Of Desolation 99,363,5
223,24,Damnations Way,228,6
224,24,Hydra,56,7
225,25,Blood on Your Hands,281,1
226,25,The Last Enemy,256,2
227,25,I Will Live Again,212,3
228,25,In This Shallow Grave,294,4
229,25,Revolution Begins,252,5
230,25,Rise of the Tyrant,273,6
231,25,The Day You Died,293,7
232,25,Intermezzo Liberte,171,8
233,25,Night Falls Fast,198,9
234,25,The Great Darkness,287,10
235,25,Vultures,395,11
236,26,Girlfriend,217,1
237,26,I Can Do Better,197,2
239,26,The Best Damn Thing,191,4
240,26,When Youre Gone,241,5
241,26,Everything Back But You,183,6
242,26,Hot,204,7
243,26,Innocence,233,8
244,26,I Dont Have To Try,198,9
245,26,One Of Those Girls,176,10
246,26,Contagious,131,11
247,26,Keep Holding On,240,12
2888,26,Runaway,229,3
248,27,Let the music play Funkstars club deluxe edit,185,1
249,27,Youre the first,205,2
250,27,Cant get enough of your love babe,244,3
251,27,Let the music play,213,4
252,27,Change,371,5
253,27,Ill do for you anything you want me to,252,6
254,27,Sho you right,275,7
255,27,What am I gonna do with you,216,8
256,27,Come on,351,9
257,27,Im gonna love you just a little more babe,241,10
258,27,Never,249,11
259,27,Baby we better try and get it together,265,12
260,27,Just the way you are,290,13
261,27,All around the world,276,14
262,27,Dark and lovely,295,15
263,27,Loves interlude Good night my love,467,16
264,27,Cant get enough of your love babe U-nam remix,237,17
265,28,Bon Anniversaire,179,1
266,28,YA Une Fille QuHabite Chez Moi,233,2
267,28,Vélo,162,3
268,28,Porcelaine,254,4
269,28,À Notre Santé,199,5
270,28,Majorette,316,6
271,28,Couche Tard Et Lève Tôt,190,7
272,28,Coup Du Lapin,187,8
273,28,Saturne,258,9
274,28,Dramelet,209,10
275,28,Approchez,162,11
276,28,À Poings Fermés,174,12
277,29,Monospace,150,1
278,29,Dis lui oui,207,2
279,29,Paresseuse,213,3
280,29,Je suis de celles,209,4
281,29,Vade retro Téléphone,192,5
282,29,Litinéraire,193,6
283,29,Sac à main,203,7
284,29,La station Mir,221,8
285,29,La coquette,162,9
286,29,Les mots damour,192,10
287,29,Monsieur René,173,11
288,29,Le Zoo de Vincennes,238,12
289,29,Slow,472,13
290,30,La Petite Monnaie,216,1
291,30,Ya Une Fille Qhhabite Chez Moi,238,6
292,30,Ton Slow,306,8
293,31,Adolescente,244,4
294,31,Dis-lui oui,244,5
295,32,Hehul,297,4
296,32,Blouse du dentiste,243,6
297,32,Quand jétais chanteur,251,8
298,32,Le Slow,536,9
299,32,Dis,205,10
300,32,La ptite monnaie,225,11
301,32,Le Vélo... la chanson de Marius,195,12
302,33,Le Diner,182,1
303,33,Maritie et Gilbert Carpentier,230,2
304,33,Quatre murs et un toit,212,3
305,33,Bruxelles,209,4
306,33,Triste Compagne,174,5
307,33,La Berceuse,302,6
308,33,Les Epices du souk du Caire,283,7
309,33,Quest ce que tu voulais que je lui dise?,304,8
310,33,Le mechant de James Bond,193,9
311,33,Le Fou Rire,217,10
312,33,Tu peux compter sur moi,189,11
313,33,Le Cahier de solfege,569,12
314,34,Majordome,178,3
315,34,Ali et Félix,178,4
316,34,Tout va bien,165,5
317,34,Le chien,199,6
318,34,Advienne que pourra,189,7
319,34,Le 115,259,8
320,34,Mélanie Patterson,217,9
321,34,Cannibale,122,10
322,34,Les ricochets,148,11
323,34,La valse,346,12
324,35,All For You,239,1
325,35,Phoney Smiles And Fake,256,2
326,35,13 Years Of Grief,252,3
327,35,Rust,369,4
328,35,Superterrorizer,334,5
329,35,Counterfeit God,259,6
330,35,Aint Life Grand,279,7
331,35,Just Killing Time,296,8
332,35,Stronger Than Death,292,9
333,35,Love Rein Down,484,10
334,36,Lowdown,324,1
335,36,Phony Smiles + Fake Hello,274,6
336,36,Lost My Better Half,284,7
337,36,Bored to Fears,248,8
338,36,A.N.D.R.O.T.A.Z,267,9
339,36,born to booze lose,282,10
340,36,World of Trouble,360,11
341,36,No More Tears,556,12
342,36,The Begining... at Last,366,13
343,36,Heart of Gold,195,14
344,36,Snowblind,420,15
345,36,Like a Bird,276,16
346,36,Blood In The Wall,285,17
347,36,The Beginning... at Last,272,18
348,37,Bored to Tears,269,1
349,37,The Rose Petalled Garden,300,2
350,37,Hey You Batch of Lies,229,3
351,37,Born to Lose,264,4
352,37,Peddlers of Death,274,5
353,37,Mother Mary,267,6
354,37,Beneath the Tree,278,7
355,37,Low Down,277,8
356,37,T.a.z.,117,9
357,37,Black Pearl,208,11
358,37,Spoke in the Wheel,254,13
359,37,The Begining...at Last,267,14
360,38,Bleed for Me,331,1
361,38,Lords of Destruction,311,2
362,38,Demise of Sanity,204,3
363,38,Life/Birth/Blood/Doom,261,4
364,38,Bridge to Cross,350,5
365,38,Battering Ram,142,6
366,38,Speedball,59,7
367,38,Graveyard Disciples,200,8
368,38,Genocide Junkies,354,9
369,38,Lost Heaven,264,10
370,38,Refuse to Bow Down,294,11
371,38,Mass Murder Machine,347,12
372,38,Berserkers,306,13
373,38,America the Beautiful,198,14
374,39,Concrete Jungle,205,1
375,39,Black Mass Reverends,157,2
376,39,Blacked Out World,197,3
377,39,The Last Goodbye,245,4
378,39,Give Yourself To Me,199,5
379,39,Nothings The Same,182,6
380,39,Hell Is High,213,7
381,39,New Religion,277,8
382,39,Sick Of It All,236,9
383,39,Faith Is Blind,217,10
384,39,Blood Is Thicker Than Water,179,11
385,39,Devils Dime,136,12
386,39,Lead Me To Your Door,214,13
387,40,Rain Wizard,205,1
388,40,Backwoods Gold,187,2
389,40,Lonely Train,231,3
390,40,Maybe Someday,227,4
391,40,When The Weight Comes Down,216,5
392,40,Crosstown Woman,216,6
393,40,Shooting Star,192,7
394,40,Hell & High Water,242,8
395,40,Shapes Of Things,185,9
396,40,Violator Girl,204,10
397,40,Tired Of The Rain,196,11
398,40,Drive,185,12
399,40,Rollin On,336,13
400,41,Subterranean Homesick Blues,140,1
401,41,She Belongs To Me,173,2
402,41,Maggies Farm,238,3
403,41,Love Minus Zero,173,4
404,41,Outlaw Blues,182,5
405,41,On The Road Again,157,6
406,41,Bob Dylans 115th Dream,395,7
407,41,Mr Tambourine Man,334,8
408,41,Gates Of Eden,347,9
409,41,Its Alright Ma Im Only Bleeding,457,10
410,41,Its All Over Now Baby Blue,257,11
411,42,Lily Of The West,222,1
412,42,Cant Help Falling In Love,259,2
413,42,Sarah Jane,161,3
414,42,The Ballard Of Ira Hayes,315,4
415,42,Mr Bojangles,329,5
416,42,Mary Anne,153,6
417,42,Big Yellow Taxi,132,7
418,42,A Fool Such As I,158,8
419,42,Spanish Is The Loving Tongue,252,9
420,43,Hurricane,514,1
421,43,Isis,419,2
422,43,Mozambique,182,3
423,43,One More Cup of Coffee,227,4
424,43,Oh,244,5
425,43,Joey,666,6
426,43,Romance In Durango,344,7
427,43,Black Diamond Bay,452,8
428,43,Sara,331,9
429,44,Tight Connection To My Heart has anybody seen my love,318,1
430,44,Seeing The Real You At Last,253,2
431,44,Ill Remember You,250,3
432,44,Clean Cut Kid,252,4
433,44,Never Gonna Be The Same Again,182,5
434,44,Trust Yourself,207,6
435,44,Emotionally Yours,265,7
436,44,When The Night Comes Falling From The Sky,442,8
437,44,Somethings Burning Baby,291,9
438,44,Dark Eyes,299,10
439,45,Slow Train,298,1
440,45,I Want You,245,2
441,45,Gotta Serve Somebody,351,3
442,45,Queen Jane Approximately,399,4
443,45,All Along the Watchtower,384,6
444,45,Knockin on Heavens Door,412,7
445,46,Qui Se Soucie De Moi,211,1
446,46,Je Men Vais Apres Miossec,232,2
447,46,Pauvre Garçon Avec Daniel Darc,310,3
448,46,Pour Jane,189,4
449,46,Je Sais,275,5
450,46,Je Ne Vivrai Pas Sans Toi,224,6
451,46,Roberta,401,7
452,46,Menteur,282,8
453,46,Tes Yeux,287,9
454,46,La Fin Du Monde Pour Dans 10 Minutes,252,10
455,46,Je Te Souhaite à Mon Pire Ennemi,264,11
456,46,Le Vrai Père,314,12
457,47,Cest Quand Le Bonheur,347,4
458,47,Il Y a A Une Question,328,7
459,47,Pensons A Lavenir,463,10
460,47,Dolorosa,340,11
461,47,Le Grand Jour,275,12
462,47,Elle Ma Dit,343,14
475,49,Tell Me,208,1
476,49,Minds Are Controlled,96,2
477,49,Indifferent,79,3
478,49,Broken Will,95,4
479,49,Rabid Dogs,41,5
480,49,L.S.,135,6
481,49,Rednekkk,80,7
482,49,Co-Exist,172,8
483,49,Excluded,73,9
484,49,Dark Thoughts,110,10
485,49,Poison Planet,86,11
486,49,What?,153,12
487,49,Negative Outlook,53,13
488,49,Positive Outlook,133,14
489,49,No Drunk,23,15
490,49,College Town,125,16
491,49,Not Safe,152,17
492,49,Eye for an Eye,81,18
493,49,Nothings Gonna Change,73,19
494,49,Center of the World,30,21
495,49,Citizen,50,22
496,49,Not for Me,69,23
497,49,What ?,146,24
498,50,Loss For Words,246,1
499,50,Mad World,114,2
500,50,Consumed,173,3
501,50,Holier,147,4
502,50,Prayer,146,6
503,50,Intervention,146,7
504,50,Kiss of Death,91,8
505,50,Hungry Child,79,9
506,50,Animosity,257,10
507,51,Technocracy,193,1
508,51,Happily Ever After,262,3
509,51,Crawling,263,4
510,51,Ahh Blugh Milking the Sick Farce,31,5
511,52,These Shrouded Temples,158,1
512,52,Damned For All Time,353,2
513,52,Dance Of The Dead,270,3
514,52,Buried,319,4
515,52,Break The Circle,251,5
516,52,Painted Smiling Face,264,6
517,52,Mine Are The Eyes Of God,301,7
518,52,Shallow Ground,142,8
519,52,Vote With A Bullet,208,9
520,52,Great Purification,274,10
521,52,White Noise,260,11
522,52,Echoes In The Well,334,12
523,52,Remain,208,13
524,52,Condition A/Condition B,69,14
525,52,Future Now,169,15
526,52,Jim Beam And The Coon Ass,156,16
527,53,Heavens Not Overflowing,302,1
528,53,Albatross,321,2
529,53,Clean My Wounds,213,3
530,53,Without Wings,114,4
531,53,Broken Man,295,5
532,53,Senor Limpio,234,6
533,53,Mano De Mono,96,7
534,53,Seven Days,297,8
535,53,#2121313,62,9
536,53,My Grain,200,10
537,53,Deliverance,264,11
538,53,Shake Like You,260,12
539,53,Shelter,206,13
540,53,Pearls Before Swine,406,14
541,54,King of the Rotten,194,1
542,54,Long Whip/Big America,293,2
543,54,Wiseblood,182,3
544,54,Goodbye Windows,342,4
545,54,Born Again for the Last Time,280,5
546,54,Drowning in a Daydream,263,6
547,54,The Snake Has No Head,253,7
548,54,The Door,208,8
549,54,Man or Ash,314,9
550,54,Redemption City,291,10
551,54,Wishbone Some Tomorrow,240,11
553,54,Bottom Feeder El Que Come Abajo,472,13
554,55,Over Me,260,1
555,55,Congratulations Song,201,2
556,55,Stare Too Long,297,3
557,55,Diabolo Boulevard,208,4
558,55,Doublewide,256,5
559,55,Zippo,269,6
560,55,Whos got the Fire,198,7
561,55,Sleeping Martyr,299,8
562,55,Take What you Want,211,9
563,55,13 Angels,396,10
564,55,Gittin it On,159,11
565,55,Rather See you Dead,105,12
566,55,Steady Roller,144,13
567,56,Diablo Blvd.,233,2
568,56,13 Angels-7 Days,491,10
569,56,Long Whip-Big America,332,13
570,57,Stone Breaker,317,1
571,57,Paranoid Opioid,391,2
572,57,It Is That Way,317,3
573,57,Dirty Hands Empty Pockets/Already Gone,291,4
574,57,Rise River Rise,306,5
575,57,Never Turns to More,496,6
576,57,Infinite War,227,7
577,57,So Much Left Behind,319,8
578,57,Backslider,390,9
579,57,World of Fire,242,10
580,57,Crown of Thorns,153,11
581,57,In the Arms of God,421,12
582,58,Thrashers,433,1
583,58,Evil Priest,295,2
584,58,Voracious Souls,340,3
585,58,Kill As One,300,4
586,58,The Ultra-Violence,635,5
587,58,Mistress Of Pain,245,6
588,58,Final Death,364,7
589,58,I.P.F.S.,117,8
590,59,3rd Floor,296,1
591,59,Road Mutants,224,2
592,59,Why You Do This,330,3
593,59,Bored,210,4
594,59,Devils Metal,334,5
595,59,Confused,445,6
596,59,Guilty Of Innocence,265,7
597,59,Open Up,342,8
598,59,Shores Of Sin,389,9
599,59,Cold Gin,261,10
600,59,Mind Rape,318,11
601,60,Seemingly Endless Time,230,1
602,60,Stop,311,2
603,60,Veil Of Deception,154,3
604,60,The Organization,257,4
605,60,Discontinued,353,5
606,60,A Room With A View,282,6
607,60,Stagnant,335,7
608,60,Ex-tc,186,8
609,60,Disturbing The Peace,233,9
610,60,Falling Asleep,356,10
611,61,Why You Do This?,366,2
612,62,Minus Blindfold,244,2
613,62,One Weak,269,3
614,62,Nosebleed,266,4
615,62,Lifter,283,5
616,62,Root,221,6
617,62,7 Words,224,7
618,62,Birthmark,259,8
619,62,Engine No.9,205,9
620,62,Fireal,395,10
621,62,Fist,216,11
2906,62,"Bored,",246,1
622,63,Back To School,237,1
623,63,Feiticeira,189,2
624,63,Back To School Live,237,3
625,63,NoseBleed Live,261,4
626,63,Teething Live,191,5
627,63,Change In the house Of Files,299,6
628,63,White Pony epk  Short Version,453,7
629,64,Savory,276,1
630,64,Wax And Wane,249,2
631,64,Change In The House Of Flies [Acoustic],316,3
632,64,Simple Man,380,4
633,64,Sinatra,283,5
634,64,No Ordinary Love,335,6
635,64,Teenager Idiot Version,226,7
636,64,Crenshaw Punch - Ill Throw Rocks At You,289,8
637,64,Black Moon,198,9
638,64,If Only Tonight We Could Sleep,307,10
639,64,Please Please Please Let Me Get What I Want,122,11
640,64,Digital Bath Acoustic,288,12
641,64,The Chauffeur,322,13
642,64,Be Quiet And Drive Far Away [Acoustic],273,14
643,65,Here With Me,255,1
644,65,Hunter,237,2
645,65,Dont Think Of Me,272,3
646,65,My Lovers Gone,268,4
647,65,All You Want,234,5
648,65,Thank You,218,6
649,65,Honestly Ok,278,7
650,65,Slide,294,8
651,65,Isobel,234,9
652,65,Im No Angel,235,10
653,65,My Life,189,11
654,65,Take My Hand,403,12
655,65,Thankyou S & S BeastMix,206,13
656,66,Once Upon A Time In The West,316,1
657,66,News,254,2
658,66,Where Do You Think Youre Goin,226,3
659,66,Communiqué,343,4
660,66,Lady Writer,220,5
661,66,Angel Of Mercy,270,6
662,66,Portobello Belle,265,7
663,66,Single Handed Sailor,283,8
664,66,Follow Me Home,343,9
665,67,Tunnel Of Love,489,1
666,67,Romeo And Juliet,355,2
667,67,Skateaway,379,3
668,67,Expresso Love,303,4
669,67,Hand In Hand,289,5
670,67,Solid Rock,199,6
671,67,Les Boys,246,7
672,68,Telegraph Road,863,1
673,68,Private Investigations,406,2
674,68,Industrial Disease,351,3
675,68,Love Over Gold,378,4
676,68,It Never Rains,481,5
677,69,So Far Away,306,1
678,69,Money For Nothing,504,2
679,69,Walk Of Life,247,3
680,69,Your Latest Trick,390,4
681,69,Why Worry,503,5
682,69,Ride Across The River,417,6
683,69,The Mans Too Strong,278,7
684,69,Brothers In Arms,415,9
685,70,Sultans Of Swing,347,1
686,70,Down To The Waterline,241,2
687,70,Portobello Belle - Live,274,3
688,70,Twisting By The Pool Remix,211,4
689,70,Where Do You Think Youre Going,211,7
690,70,Telegraph Road - Live Remix,719,10
691,71,Calling Elvis,387,1
692,71,On Every Street,304,2
693,71,When It Comes to You,301,3
695,71,The Bug,257,5
696,71,You and Your Friend,359,6
697,71,Heavy Fuel,296,7
698,71,Iron Hand,190,8
699,71,Ticket to Heaven,266,9
700,71,My Parties,333,10
701,71,Planet of New Orleans,468,11
702,71,How Long,229,12
2904,71,Fade to Black,231,4
703,72,Jaime Les Interdits,190,1
704,72,Sur La Route 66,257,2
705,72,Faut Faire Avec Moi,215,3
706,72,Le Monde Est Trop Petit,235,4
707,72,Ya Danger,231,5
708,72,Je Chante Pour Ceux Qui Ont Le Blues,272,6
709,72,Reality Show,257,7
710,72,Cest Pas Ta Journée,258,8
711,72,Coeur Glacé,261,9
712,72,Faudrait Pas Rester Là,255,10
713,72,Au Bar Du Lutetia,267,11
714,73,Song of the storm,194,1
715,73,I wanna be your dog,161,2
716,73,Dame de lotus,201,3
717,73,Desert,184,4
718,73,Fleur de saison,251,5
719,73,Le vieil amant,277,6
720,73,Sweet blossom,226,7
721,73,Rose hybride de the,196,8
722,73,Never fall in love,174,9
723,73,Flowers,147,10
724,73,Il pleut,210,11
725,73,Swimming,251,12
726,73,In the lake,209,13
727,73,My old friend,290,14
728,73,To the dancers in the rain,164,15
729,74,Alicia,237,1
730,74,Opium,171,5
731,74,Annie,202,11
732,74,En cendres,323,13
733,75,Cool No 9 - Satriani,407,1
734,75,Flying In A Blue Dream - Satriani,360,2
735,75,Summer Song - Satriani,390,3
736,75,Zap - Johnson,367,4
737,75,Manhattan - Johnson,316,5
738,75,Camels Night Out - Johnson,357,6
739,75,Answers - Vai,419,7
740,75,For The Love Of God - Vai,467,8
741,75,The Attitude Song - Vai,316,9
742,75,Going Down - All,348,10
743,75,My Guitar Wants To Kill Your Mama - All,321,11
744,75,Red House - All,553,12
745,76,Bring Me To Life,239,2
746,76,Going Under,215,1
747,76,Everybodys Fool,196,3
748,76,My Immortal,264,4
749,76,Haunted,187,5
750,76,Tourniquet,278,6
751,76,Imaginary,258,7
752,76,Taking Over Me,230,8
753,76,Hello,221,9
754,76,My Last Breath,248,10
755,76,Whisper,328,11
756,77,Sweet Sacrifice,186,1
757,77,Call Me When Youre Sober,215,2
758,77,Weight Of The World,218,3
759,77,Lithium,224,4
760,77,Cloud Nine,263,5
761,77,Snow White Queen,263,6
762,77,Lacrymosa,218,7
763,77,Like You,257,8
764,77,Lose Control,290,9
765,77,The Only One,281,10
766,77,Your Star,284,11
767,77,All That Im Living For,229,12
768,77,Good Enough,332,13
769,78,Toque De Muerto,83,1
770,78,Savage Seas Retribution,192,2
771,78,Hostage To Heaven,238,3
772,78,Monster Among Us.,263,4
773,78,Innate Affliction,215,6
774,78,Colors of Death,185,7
775,78,Ostracized,188,8
776,78,Cleanse the Seed,296,9
777,78,Heretic War Chant,324,10
778,78,Longest Hate,302,11
2901,78,Guilty Of Innocence,218,5
779,79,Pathetic Liar,184,1
780,79,Portait Of Henry,88,2
781,79,Empress Rancor,215,3
782,79,Descending Darkness,121,4
783,79,War Between One,136,5
784,79,Scream At The Sky,287,6
785,79,Silent Stranger,175,7
786,79,The Summoning,268,8
787,79,Rusty Nail,205,9
788,79,Myth Of Man,224,10
789,79,Code Of Silence,362,11
790,80,Isolation,219,1
791,80,Amped,261,2
792,80,Lockdown,243,3
793,80,Griefeless,364,4
794,80,Fo Resight,230,5
795,80,Human?,290,6
796,80,Vindicate,260,7
797,80,Stresscase,179,8
798,80,Challenge,194,9
799,80,Verrater Betrayer,252,10
800,80,Bug Juice,316,11
801,81,Curse of the Cloth,304,1
802,81,The Answer,230,2
803,81,Prophecy,258,3
804,81,Endowment of Apathy,187,4
805,81,Enemy Mind,204,5
806,81,Skin Trade,266,6
807,81,Built to Resist,267,7
808,81,The Gift,253,8
809,81,Privilege,289,9
810,81,Blood of Saints,304,10
811,81,Man with NO Insides,332,11
812,82,High,246,1
813,82,Youre Beautiful,215,2
814,82,Wise Men,225,3
815,82,Goodbye My Lover,261,4
816,82,Tears And Rain,247,5
817,82,Out Of My Mind,216,6
818,82,So Long,267,7
819,82,Billy,220,8
820,82,Cry,249,9
821,82,No Bravery,243,10
822,83,Look What Youve Done,253,1
823,83,Shocked,198,2
824,83,Sweet Little Woman,243,3
825,83,Marie,157,5
826,83,Ruby Lee,266,6
827,83,Many Rivers to Cross,223,7
828,83,So Good,155,8
829,83,Talking Back to the Night,289,9
830,83,Just Like Always,206,10
2886,83,Seven Days,323,4
831,84,Civilized Man,235,1
832,84,There Goes My Baby,227,2
833,84,Come On In,229,3
834,84,Tempted,255,4
835,84,Long Drag Off a Cigarette,155,5
836,84,I Love the Night,229,6
837,84,Crazy in Love,232,7
838,84,A Girl Like You,189,8
839,84,Hold On I Feel Our Love Is Changing,222,9
840,84,Even a Fool Would Let Go,232,10
841,85,Shelter Me,341,1
842,85,A to Z,260,2
843,85,Dont You Love Me Anymore,326,3
844,85,Living Without Your Love,252,4
845,85,Dont Drink the Water,208,5
846,85,You Can Leave Your Hat On,255,6
847,85,Heart of the Matter,261,7
848,85,Inner City Blues Make Me Wanna Holler,353,8
849,85,Love Is on a Fade,246,9
850,85,Heaven,274,10
851,86,Unchain My Heart,304,1
852,86,Two Wrongs Dont Make a Right,244,2
853,86,I Stand in Wonder,263,3
854,86,Rivers Rising,249,4
855,86,All Our Tomorrows,265,6
856,86,A Woman Loves a Man,257,7
857,86,Trust in Me,256,8
858,86,The One,278,9
859,86,Satisfied,205,10
2895,86,Isolation,232,5
860,87,When the Night Comes,320,1
861,87,I Will Live for You,250,2
862,87,Ive Got to Use My Imagination,265,3
863,87,Letting Go,252,4
864,87,Just to Keep from Drowning,281,5
865,87,Unforgiving,210,6
866,87,Another Mind Gone,285,7
867,87,Fever,219,8
868,87,You Know Were Gonna Hurt,238,9
869,87,Bad Bad Sign,249,10
870,87,Im Your Man,232,11
871,87,One Night of Sin,194,12
872,88,With A Little Help From My Friends,298,1
873,88,The Letter,252,2
874,88,Marjorine,161,3
875,88,Midnight Rider,298,4
876,88,You Are So Beautiful,162,5
877,88,Feelin Allright,248,6
878,88,Cry Me A River,233,7
879,88,Hight Time We Went,237,8
880,88,Delta Lady,172,9
881,88,She Came in Through the Bathroom Window,161,10
882,88,Pardon Me Sir,193,11
883,88,Put Out The Light,252,12
884,88,Something,215,13
885,88,I Shall Be Released,275,14
886,88,Just Like A Woman,311,15
887,88,Dont Let Me Be Misunderstood,277,16
888,89,Into the Mustic,212,1
889,89,Anybody Seen My Girl,211,2
890,89,Heart Full of Rain,289,4
891,89,High Lonesome Blue,250,7
892,89,Sail Away,181,8
893,89,You and I,275,9
894,89,Darling Be Home Soon,251,10
895,89,Dignity,194,11
896,89,Cant Find My Way Home,233,14
897,90,First We Take Manhattan,225,1
898,90,Different Roads,300,2
899,90,My Fathers Son,270,3
900,90,While You See A Chance,232,4
901,90,She Believes In Me,285,5
902,90,No Ordinary World,233,6
903,90,Where Would I Be Now,328,7
904,90,Aint Gonna Cry Again,247,8
905,90,Soul Rising,238,9
906,90,Naked Without You,272,10
907,90,Love To Lean On,258,11
908,90,On My Way Home,254,12
909,91,Feelin Alright,252,2
910,91,Summer In The City,230,3
911,91,Up Where We Belong Ft Jennifer,237,5
912,91,With A Little Help From My Fri,312,7
913,91,Cry Me A River Live,241,8
914,91,The Letter Live,266,9
915,91,Night Calls,207,13
916,91,She Came In Through The Bathro,160,15
917,92,Could You Be Loved,256,1
918,92,First We Take Manhatten,225,3
919,92,The Simple Things,287,4
920,92,Noubliez Jamais,282,5
921,92,Thats All I Need To Know Difendero Live,244,6
922,92,Have A Little Faith In Me,257,7
923,92,Dont Let The Sun Go Down On M,332,8
924,92,Now That The Magic Has Gone,282,9
925,92,Sweet Lil Woman,244,10
926,92,All I Know Feels Like Foreve,283,11
927,92,Sorry Seems To Be The Hardest Word,241,13
928,92,Never Tear Us Apart,245,14
929,93,Chain Of Fools,225,2
931,93,I Who Having Nothing,242,4
932,93,Maybe Im Amazed,203,5
933,93,I Keep Forgettin,214,6
934,93,I Put a Spell on You,272,7
935,93,Every Kind of People,259,8
936,93,Love Dont Live Here Anymore,255,9
937,93,Dont Let Me Be Lonely,220,10
938,93,Jealus Guy,247,11
939,93,Everybody Hurts,320,12
2891,93,One,274,3
940,94,Up Where We Belong,374,3
941,94,Come Together,400,6
942,94,Just Pass It On,305,7
943,94,Dont Give Up On Me,257,8
944,94,Hymn For My Soul,245,9
945,94,Band Intro,60,10
946,94,With A Little Help Of My Friends,615,13
947,94,Long As I Can See The Light,244,17
948,95,What Becomes Of The Brokenhearted,250,6
949,95,A Woman Who Loves A Man,256,11
950,95,Love Is Alive,235,14
951,95,Edge Of A Dream,234,16
952,96,You HavenT Done Nothin,230,1
953,96,One Word Peace,170,2
954,96,Love Is For Me,246,3
955,96,DonT Give Up On Me,246,4
956,96,Beware Of Darkness,231,6
957,96,Rivers Invitation,211,8
958,96,Ring Them Bells,185,9
959,96,Hymn 4 My Soul,234,10
960,97,its all a lie,341,1
961,97,lay your head down,287,2
962,97,in your back,336,3
963,97,the harder ships of the world,249,4
964,97,it aint a crime,257,5
965,97,where no endings end,217,6
966,97,liberty,361,7
967,97,between the flatland and the caspian sea,329,8
968,97,caspia,232,9
969,98,I Aint No Iceman,187,1
970,98,Come On In My Kitchen,287,2
971,98,Can t Get That Stuff No More,181,3
972,98,Death Dont Have No Mercy,176,4
973,98,Crossroads,219,5
974,98,Love In Vain,226,6
975,98,Baby,231,7
976,98,Sittin On Top Of The World,212,8
977,98,Can t Be Satisfied,169,9
978,98,One Way Out,290,10
979,98,Dust My Broom,185,11
980,99,Wake,103,1
981,99,Given Up,191,2
982,99,Leave Out All The Rest,211,3
983,99,Bleed It Out,167,4
984,99,Shadow Of The Day,292,5
985,99,What Ive Done,209,6
986,99,Hands Held High,235,7
987,99,No More Sorrow,224,8
988,99,Valentines Day,199,9
989,99,In Between,199,10
990,99,In Pieces,220,11
991,99,The Little Things Give You Away,386,12
992,100,La traverse du dsert,34,1
993,100,revolver,182,2
994,100,shibuya station,114,3
995,100,sean penn,343,4
996,100,si lon marchait jusqu demain,227,5
997,100,salom,239,6
998,100,si ctait hier,269,7
999,100,oui,36,8
1000,100,nos sourires,206,9
1001,100,depuis toujours,202,10
1002,100,lenvers,410,11
1003,100,manhattan,226,12
1004,100,see you later alligator,177,13
1005,100,la nuit,269,14
1006,100,oui,41,15
1007,100,est-ce que tu maime encore ?,178,16
1008,100,a maurait plu,253,18
2894,100,La valse,287,17
1009,101,Monde virtuel,189,1
1010,101,Je dis Aime,236,2
1011,101,Onde sensuelle,185,3
1012,101,A celle qui dure,226,4
1013,101,Faut oublier,190,5
1014,101,Le festival de Connes,200,6
1015,101,Le mec hamac,207,7
1016,101,Close to me,240,8
1017,101,Emilie 1000 Volts,159,9
1018,101,Qui est le plus fragile?,176,10
1019,101,Le complexe du Corn Flakes,292,11
1020,101,Au lieu du crime,255,12
1021,101,Bonoboo,187,13
1022,101,Le commun des motels,195,14
1023,101,Mama Sam,195,15
1024,102,Mon ego,151,1
1025,102,La bonne étoile,218,2
1026,102,Sous ta peau,225,3
1027,102,À tes souhaits,179,4
1028,102,Qui de nous deux,226,5
1029,102,Ma mélodie,214,6
1030,102,Quand je vais chez elle,186,7
1031,102,La corde sensible,212,8
1032,102,Je me démasque,219,9
1033,102,Cest pas ta faute,226,10
1034,102,Gimmick,192,11
1035,102,Le radeau,205,12
1036,102,Psyko bug,155,13
1037,102,Peau de fleur,252,14
1038,102,Ton écho,290,15
1039,103,Davidian,296,1
1040,103,Old,246,2
1041,103,A Thousand Lies,374,3
1042,103,None But My Own,375,4
1043,103,The Rage to Overcome,287,5
1044,103,Death Church,393,6
1045,103,A Nation on Fire,333,7
1046,103,Blood For Blood,221,8
1047,103,Im Your God Now,351,9
1048,103,Real Eyes,165,10
1049,103,Block,299,11
1050,104,Ten Ton Hammer,255,1
1051,104,Take My Scars,260,2
1052,104,Struck A Nerve,214,3
1053,104,Down To None,329,4
1054,104,The Frontlines,352,5
1055,104,Spine,398,6
1056,104,Bay Of Pigs,227,7
1057,104,Violate,441,8
1058,104,Blistering,299,9
1059,104,Blood Of The Zodiac,399,10
1060,105,Enter The Phoenix,53,1
1061,105,Desire To Fire,289,2
1062,105,Nothing Left,245,3
1063,105,The Blood,251,4
1064,105,Silver,232,5
1065,105,From This Day,237,6
1066,105,Exhale The Vile,297,7
1067,105,Message In A Bottle,212,8
1068,105,Devil With The Kings Card,245,9
1069,105,I Defy,222,10
1070,105,Five,318,11
1071,105,The Burning Red,404,12
1072,106,Declaration,71,1
1073,106,Bulldozer,274,2
1074,106,White-Knuckle Blackout!,191,3
1075,106,Crashing Around You,193,4
1076,106,Kick You When Youre Down,238,5
1077,106,Only The Names,368,6
1078,106,All In Your Head,245,7
1079,106,American High,225,8
1080,106,Brown Acid,59,9
1081,106,Nausea,260,10
1082,106,Blank Generation,395,11
1083,106,Trephination,299,12
1084,106,Deafening Silence,334,13
1085,106,Supercharger,225,14
1086,106,Hole In The Sky,210,15
1087,106,Ten Fold,289,16
1088,106,The Blood,273,17
1089,106,Desire To Fire Live,276,18
1090,107,Bulldozer Live,302,1
1091,107,Ten Ton Hammer Live,301,3
1092,107,Old Live,300,4
1093,107,Crashing Around You Live,331,5
1094,107,Take My Scars Live,305,6
1095,107,Im Your God Now Live,383,7
1096,107,None But My Own Live,437,8
1097,107,From This Day Live,310,9
1098,107,American High Live,214,10
1099,107,Nothing Left Live,334,11
1100,107,The Burning Red Live,370,12
1101,107,Davidian Live,361,13
1102,107,Supercharger Live,453,14
1103,108,Imperium,402,1
1104,108,Bite the Bullet,202,2
1105,108,Left Unfinished,333,3
1106,108,Elegy,236,4
1107,108,In the Presence of My Enemies,427,5
1108,108,Days Turn Blue to Gray,330,6
1109,108,Vim,313,7
1110,108,Seasons Wither,378,8
1111,108,All Falls Down,270,9
1112,108,Wipe the Tears,234,10
1113,108,Decend the Shade of Night,465,11
1114,109,Clenching The Fists Of Dissent,637,1
1115,109,Beautiful Mourning,286,2
1116,109,Aesthetics Of Hate,390,3
1117,109,Now I Lay Thee Down,335,4
1118,109,Slanderous,317,5
1119,109,Halo,543,6
1120,109,Wolves,541,7
1121,109,A Farewell To Arms,613,8
1122,110,Le prince dOrange,168,1
1123,110,Le ballet des coqs,130,2
1124,110,Compagnons qui roulez en Provence,182,3
1125,110,La mule,227,4
1126,110,Pierre de Grenoble,424,5
1127,110,Vive la lune,297,6
1128,110,La danse des damnés,292,7
1129,110,La chasse gallery,329,8
1130,110,La nuit des sorcières,259,9
1131,110,La conduite,233,10
1132,110,Dormeur,289,11
1133,110,Lécolier assassin,649,12
1134,110,Sorcier,264,13
1135,110,Beau charpentier / Quand le cyprès,375,14
1136,111,Lhomme qui en savait trop rien,256,1
1137,111,Knowledge Is Power,178,2
1138,111,Mass protect,233,3
1139,111,Shine,204,4
1140,111,Leffet papillon,207,5
1141,111,Donnez-vous la peine,224,6
1142,111,Hard Corps Les fils du vice,115,7
1143,111,Gone,322,8
1144,111,Respect to the Dance Floor,180,9
1145,111,Unique,202,10
1146,111,MH 2 C.E.S,197,11
1147,111,Knowledge Is Power  New Years Remix,246,12
1148,112,Contraddiction,249,1
1149,112,Zion,270,2
1150,112,Aimable à souhait,256,3
1151,112,Attracteurs étranges,232,4
1152,112,Finistère amer,249,5
1153,112,P4,146,6
1154,112,Sur la brèche,246,7
1155,112,Furia,226,8
1156,112,Le dernier tango,238,9
1157,112,Osmos99,192,10
1158,112,Le plus juste effet,265,11
1159,112,Corazones olvidados,787,12
1160,113,Last Rites / Loved to Death,276,1
1161,113,Killing Is My Business... and Business Is Good!,183,2
1162,113,Skull Beneath the Skin,225,3
1163,113,These Boots,223,4
1164,113,Rattlehead,221,5
1165,113,Chosen Ones,173,6
1166,113,Looking Down the Cross,299,7
1167,113,Mechanix,261,8
1168,114,Wake Up Dead,221,1
1169,114,The Conjuring,305,2
1170,114,Peace Sells,245,3
1171,114,Devils Island,306,4
1172,114,Good Mourning / Black Friday,402,5
1173,114,Bad Omen,246,6
1174,114,I Aint Superstitious,167,7
1175,114,My Last Words,288,8
1176,115,Into The Lungs Of Hell,210,1
1177,115,Set The World Afire,349,2
1178,115,Anarchy In The U.K.,181,3
1179,115,Mary Jane,266,4
1180,115,502,208,5
1181,115,In My Darkest Hour,377,6
1182,115,Liar,201,7
1183,115,Hook In Mouth,281,8
1184,116,Holy Wars... The Punishment Due,397,1
1185,116,Hangar 18,315,2
1186,116,Take No Prisoners,209,3
1187,116,Five Magics,343,4
1188,116,Poison Was The Cure,179,5
1189,116,Lucretia,239,6
1190,116,Tornado Of Souls,323,7
1191,116,Dawn Patrol,111,8
1192,116,Rust In Peace... Polaris,337,9
1193,117,Skin O My Teeth,195,1
1194,117,Symphony Of Destruction,243,2
1195,117,Architecture Of Aggression,215,3
1196,117,Foreclosure Of a Dream,258,4
1197,117,Sweating Bullets,304,5
1198,117,This Was My Life,222,6
1199,117,Countdown To Extinction,257,7
1200,117,High Speed Dirt,253,8
1201,117,Psychotron,283,9
1202,117,Captive Honour,255,10
1203,117,Ashes In Your Mouth,371,11
1204,118,Reckoning Day,275,1
1205,118,Train Of Consequences,206,2
1206,118,Addicted To Chaos,327,3
1207,118,A Tout Le Monde,269,4
1208,118,Elysian Fields,244,5
1209,118,The Killing Road,238,6
1210,118,Blood Of Heroes,238,7
1211,118,Family Tree,248,8
1212,118,Youthanasia,250,9
1213,118,I Thought I Knew It All,225,10
1214,118,Black Curtains,220,11
1215,118,Victory,268,12
1216,119,No More Mr. Nice Guy,183,1
1217,119,Breakpoint,210,2
1218,119,Go To Hell,277,3
1219,119,Angry Again,228,4
1220,119,99 Ways To Die,239,5
1221,119,Paranoid,153,6
1222,119,Diadems,236,7
1223,119,Problems,238,8
1224,120,Trust,312,1
1225,120,Almost Honest,243,2
1226,120,Use the Man,276,3
1227,120,Mastermind,229,4
1228,120,Disintegrators,171,5
1229,120,Ill Get Even,264,6
1230,120,Sin,187,7
1231,120,Secret Place,330,8
1232,120,Have Cool Will Travel,209,9
1233,120,She-Wolf,216,10
1234,120,Vortex,219,11
1235,120,FFF,159,12
1236,121,Insomnia,275,1
1237,121,Prince Of Darkness,386,2
1238,121,Enter The Arena,53,3
1239,121,Crush em,298,4
1240,121,Breadline,265,5
1241,121,The Doctor Is Calling,341,6
1242,121,Ill Be There,261,7
1243,121,Wanderlust,323,8
1244,121,Ecstasy,269,9
1245,121,Seven,301,10
1246,121,Time: The Beginning,185,11
1247,121,Time: The End,148,12
1248,122,Disconnect,321,1
1249,122,The World Needs a Hero,232,2
1250,122,Moto Psycho,187,3
1251,122,1000 Times Goodbye,386,4
1252,122,Promises,269,6
1253,122,Recipe For Hate... Warhorse,319,7
1254,122,Losing My Senses,281,8
1255,122,Silent Scorn,103,10
1256,122,Return to Hangar,240,11
1257,122,When,555,12
2905,122,Burning Bridges,321,5
1258,123,Blackmail the Universe,273,1
1259,123,Die Dead Enough,258,2
1260,123,Kick the Chair,238,3
1261,123,The Scorpion,359,4
1262,123,Tears in a Vial,322,5
1263,123,I Know Jack,40,6
1264,123,Back in the Day,208,7
1265,123,Something That Im Not,307,8
1266,123,Truth Be Told,340,9
1267,123,Of Mice and Men,245,10
1268,123,Shadow of Deth,135,11
1269,123,My Kingdom,184,12
1270,124,Sleepwalker,354,1
1271,124,Washington is Next!,319,2
1272,124,Never Walk Alone...A Call to Arms,235,3
1273,124,United Abominations,335,4
1274,124,Gears of War,266,5
1275,124,Blessed Are the Dead,242,6
1276,124,Pray For Blood,229,7
1277,124,A Tout Le Monde Set Me Free,251,8
1278,124,Amerikhastan,224,9
1279,124,Youre Dead,199,10
1280,124,Burnt Ice,227,11
1281,125,Sucking my Love,406,1
1282,125,The Prince,300,2
1283,125,Jump in the Fire,267,3
1284,125,Am I Evil,464,4
1285,125,Whiplash,257,5
1286,125,No Remorse,340,6
1287,125,Breadfan,254,7
1288,125,Trapped under the ice,242,8
1289,125,Am I Evil Lars vocals,261,9
1290,125,Disposable Heroes,545,10
1291,125,Hit the Lights,116,11
1292,126,The Four Horsemen,434,2
1293,126,Motorbreath,189,3
1294,126,Anesthesia Pulling Teeth,255,5
1295,126,Phantom Lord,302,7
1296,126,Seek & Destroy,416,9
1297,126,Metal Militia,312,10
1298,127,Fight Fire With Fire,285,1
1299,127,Ride The Lightning,398,2
1300,127,For Whom The Bell Tolls,312,3
1301,127,Trapped Under Ice,245,5
1302,127,Escape,265,6
1303,127,Creeping Death,397,7
1304,127,The Call Of Ktulu,536,8
1305,128,Battery,313,1
1306,128,Master of Puppets,516,2
1307,128,The Thing That Should Not Be,397,3
1308,128,Welcome Home Sanitarium,388,4
1309,128,Leper Messiah,341,6
1310,128,Orion Instrumental,508,7
1311,128,Damage,333,8
1312,129,Blackened,403,1
1313,129,...And Justice for All,587,2
1314,129,Eye of the Beholder,386,3
1315,129,The Shortest Straw,396,5
1316,129,Harvester of Sorrow,346,6
1317,129,The Frayed Ends of Sanity,464,7
1318,129,To Live Is to Die,590,8
1319,129,Dyers Eve,315,9
1320,130,Backened,397,1
1321,130,Welcome Home Sanitarium,408,3
1322,130,Jason Solo,379,7
1323,130,Seek And Destroy,448,11
1324,130,And Justice For All,672,12
1325,130,How Many More Times,107,13
1326,130,Kirk Solo,203,16
1328,130,Prowler,104,20
1329,130,Helpless,62,21
1330,130,The Wait,207,22
1331,130,Last Caress,84,23
2892,130,Little Wing,214,17
1332,131,Enter Sandman,333,1
1333,131,Sad But True,325,2
1334,131,Holier Than Thou,228,3
1335,131,The Unforgiven,388,4
1336,131,Wherever I May Roam,405,5
1337,131,Dont Tread On Me,241,6
1338,131,Through The Never,245,7
1339,131,Nothing Else Matters,389,8
1340,131,Of Wolf And Man,257,9
1341,131,The God That Failed,309,10
1342,131,My Friend Of Misery,410,11
1343,131,The Struggle Within,235,12
1344,132,Justice Medley,577,8
1345,132,Solos Bass/Guitar,805,9
694,133,Fade to Black,431,3
1346,134,Stone Cold Crazy,333,9
1347,135,Aint My Bitch,305,1
1348,135,2 X 4,329,2
1349,135,The House Jack Built,400,3
1350,135,Until It Sleeps,268,4
1351,135,King Nothing,330,5
1352,135,Hero Of The Day,262,6
1353,135,Bleeding Me,499,7
1354,135,Cure,295,8
1355,135,Poor Twisted Me,240,9
1356,135,Wasting My Hate,238,10
1357,135,Mama Said,320,11
1358,135,Thorn Within,352,12
1359,135,Ronnie,318,13
1360,135,The Outlaw Torn,590,14
552,136,Fuel,270,1
1361,136,The Memory Remains,280,2
1362,136,Devils Dance,320,3
1363,136,The Unforgiven II,397,4
1364,136,Better Than You,322,5
1365,136,Slither,314,6
1366,136,Carpe Diem Baby,373,7
1367,136,Bad Seed,246,8
1368,136,Prince Charming,366,10
1369,136,Low Mans Lyric,458,11
1370,136,Attitude,317,12
1371,136,Fixxxer,496,13
1372,136,Where The Wild Things Are,415,9
1373,137,Free Speech For The Dumb,156,1
1374,137,Its Electric,214,2
1375,137,Sabbra Cadabra,381,3
1376,137,Turn The Page,367,4
1377,137,Die,149,5
1378,137,Loverman,474,6
1379,137,Mercyful Fate,673,7
1380,137,Astronomy,398,8
1381,137,Whiskey In The Jar,305,9
1382,137,Tuesdays Gone,546,10
1383,137,The More I See,289,11
1384,138,The Small Hours,404,2
1385,138,Crash Course In Brain Surgery,191,4
1386,138,Last Caress / Green Hell,210,5
1387,138,Blitzkrieg,217,7
1388,138,So What,189,11
1389,138,Killing Time,184,12
1390,138,Overkill,245,13
1391,138,Damage Case,221,14
1392,138,Stone Dead Forever,292,15
1393,138,Too Late Too Late,193,16
1394,139,Intro,33,1
1395,139,Die Die Die,138,2
1396,139,Whiskey in a Jar,353,7
1397,139,Mercyful fate Medley,677,9
1398,139,Am i Evil ?,567,11
1399,139,Killing Tme,201,13
1400,140,The Ecstasy Of Gold,151,1
1401,140,No Leaf Clover,344,8
1402,141,Human,260,4
1403,142,Frantic,351,1
1404,142,St. Anger,442,2
1405,142,Some Kind Of Monster,506,3
1406,142,Dirty Window,325,4
1407,142,Invisible Kid,511,5
1408,142,My World,346,6
1409,142,Shoot Me Again,431,7
1410,142,Sweet Amber,328,8
1411,142,The Unnamed Feeling,430,9
1412,142,Purify,314,10
1413,142,All Within My Hands,529,11
1414,144,Kirk Doodle #1,167,6
1415,144,Junglessence,487,10
1416,144,I Disappear,313,11
1417,144,Melbourne,133,15
1418,145,La France à peur,244,1
1419,145,Merci la vie,210,2
1420,145,Chanson du calvaire,126,3
1421,145,Le Grand Jacques,116,4
1422,145,Lage de tes artères,166,5
1423,145,Le gout du citron,130,6
1424,145,La Saint Glin Glin,168,7
1425,145,Lamour à 100%,153,8
1426,145,Phenoménal,265,9
1427,145,La guerre cétait pas si mauvais,152,10
1428,145,Psylo,160,11
1429,145,Janis,175,12
1430,145,Good bye green day,188,13
1431,145,Star Ill Never Die,572,14
1432,146,Regarde les amants,227,1
1433,146,Là,203,2
1434,146,Tu dis mais ne sais pas,187,3
1435,146,Ma Grand-Mère,217,4
1436,146,2,231,5
1437,146,Jeudi pop pop,189,6
1438,146,Jean Moulin,161,7
1439,146,Plus rien,210,8
1440,146,Qui _,198,9
1441,146,Lhomme qui suivait les nuages,270,10
1442,146,La trêve,68,11
1443,146,Méfie-toi !,260,12
1444,146,La tempête,195,13
1445,146,Storiz,1102,14
1446,147,Amen,189,1
1447,147,Respire,227,2
1448,147,Mimoun,172,3
1449,147,Yalil la fin des haricots,213,4
1450,147,Les gens raisonnables,207,5
1451,147,Demain finira bien,170,6
1452,147,Les enfants,196,7
1453,147,La peur,202,8
1454,147,La vallée,218,9
1455,147,Ca métonne pas,199,10
1456,147,Si jétais toi,149,11
1457,147,Chanson de rien du tout,173,12
1458,147,La mort nexiste pas,303,13
1459,147,Beauseigne,533,14
1460,148,Rodéo,185,1
1461,148,Matador,186,2
1462,148,Le Sixième Sens,189,3
1463,148,Réveille-Toi,204,4
1464,148,La Mort Du Peuple,223,5
1465,148,Quand On Avait 7 Ou 8 Ans,229,6
1466,148,Il Faut Toujours Viser La Tête,233,7
1467,148,Sparadrap,188,8
1468,148,Compte Pas Sur Moi,178,9
1469,148,Les Mots,168,10
1470,148,Le Tube De Lété,173,11
1471,148,La Chasse À La Vipère,251,12
1472,148,Les Lumières Dans La Plaine,238,13
1473,148,Une Nuit À La Terre-Plate,225,14
1474,149,Grace Kelly,190,1
1475,149,Lollipop,186,2
1476,149,My Interpretation,217,3
1477,149,Love Today,237,4
1478,149,Relax,272,5
1479,149,Any Other World,262,6
1480,149,Billy Brown,197,7
1481,149,Big Girl You Are Beautiful,250,8
1482,149,Stuck In The Middle,251,9
1483,149,Happy Ending,622,10
1484,150,Dawna,46,1
1485,150,Buena,201,2
1486,150,Im Free Now,207,3
1487,150,All Wrong,222,4
1488,150,Candy,196,5
1489,150,A Head With Wings,220,6
1490,150,In Spite Of Me,156,7
1491,150,Thursday,208,8
1492,150,Cure For Pain,195,9
1493,150,Mary Wont You Call My Name?,150,10
1494,150,Lets Take A Trip Together,181,11
1495,150,Sheila,171,12
1496,150,Miles Davis Funeral,101,13
1497,151,Honey White,187,1
1498,151,Scratch,195,2
1499,151,Radar,208,3
1500,151,Yes,119,5
1501,151,All Your Way,183,6
1502,151,Super Sex,232,7
1503,151,I Had My Chance,184,8
1504,151,The Jury,128,9
1505,151,Sharks,145,10
1506,151,Free Love,253,11
1507,151,Gone For Good,171,12
2881,151,Whisper,210,4
1508,152,Lilah,60,1
1509,152,Potion,120,2
1510,152,I know you Part III,212,3
1511,152,Early to bed,178,4
1512,152,Wishing well,212,5
1513,152,Like swimming,241,6
1514,152,Murder for the money,214,7
1515,152,French fries with pepper,173,8
1516,152,Empty box,234,9
1517,152,Eleven oclock,199,10
1518,152,Hanging on a curtain,228,11
1519,152,Swing it low,196,12
1520,153,Deadmen Tell No Tales,188,1
1521,153,Lawman,235,2
1522,153,Sweet Revenge,253,3
1523,153,Sharpshooter,198,4
1524,153,Poison,175,5
1525,153,All The Aces,205,7
1526,153,Step Down,222,8
1527,153,Talking Head,223,9
1528,153,Bomber,222,10
1529,154,Ace Of Spades,169,1
1530,154,Love Me Like A Reptile,204,2
1531,154,Shoot You In The Back,160,3
1532,154,Live To Win,218,4
1533,154,Fast And Loose,202,5
1534,154,We Are The Road Crew,190,6
1535,154,Fire,160,7
1536,154,Jail Bait,213,8
1537,154,Dance,157,9
1538,154,The Chase Is Better Than The Catch,257,11
1539,154,The Hammer,167,12
2878,154,Bite the Bullet,98,10
1540,155,Back At The Funny Farm,254,1
1541,155,Dancing On Your Grave,270,3
1542,155,Rock It,236,4
1543,155,One Mind,355,5
1544,155,Another Perfect Day,330,6
1545,155,Marching Off To War,252,7
1546,155,I Got Mine,324,8
1547,155,Tales Of Glory,177,9
1548,155,Die You Bastard,265,10
1549,155,Turn You Round,238,11
1550,155,Hoochie Coochie Man Live,392,12
1551,155,Dont Need Religion Live,174,13
2884,155,Shine,192,2
1552,156,Sacrifice,194,1
1553,156,Sex and Death,122,2
1554,156,Over Your Shoulder,197,3
1555,156,War For War,189,4
1556,156,Order Fade to Black,243,5
1557,156,Dog Face Boy,206,6
1558,156,All Gone to Hell,220,7
1559,156,Make Em Blind,265,8
1560,156,Don T Waste Your Time,157,9
1561,156,In Another Time,186,10
1562,156,Out Ot the Sun,225,11
1563,157,See Me Burning,180,1
1564,157,Slow Dance,270,2
1565,157,Stay Out Of Jail,183,3
1566,157,God Save The Queen,200,4
1567,157,Out To Lunch,207,5
1568,157,Wake The Dead,315,6
1569,157,One More Fucking Time,407,7
1570,157,Stagefright _ Crash & Burn,183,8
1571,157,Wearing Your Heart On Your S,223,9
1572,157,We Are Motörhead,142,10
1573,158,Optimist or Pessimist,219,1
1574,158,Matricide,322,2
1575,158,In Memory,426,3
1576,158,Silent Hedges Double Dare,282,4
1577,158,The Sorrowed Man,325,5
1578,159,Narcosynthesis,331,1
1579,159,We Disintegrate,312,2
1580,159,Inside Four Walls,280,3
1581,159,Evolution 169,351,4
1582,159,The River Dragon Has Come,306,5
1583,159,The Heart Collector,356,6
1584,159,Engines Of Hate,283,7
1585,159,The Sound Of Silence,314,8
1586,159,Insignificant,297,9
1587,159,Believe In Nothing,262,10
1588,159,Dead Heart In A Dead World,306,11
1589,160,Qui sommes nous?,200,1
1590,160,Enervé,232,2
1591,160,Petite fable,199,3
1592,160,Jaime pas lamour,189,4
1593,160,Pas si vieille,228,5
1594,160,Le tango du qui,243,6
1595,160,De lair,268,7
1596,160,De toi à moi,275,8
1597,160,La dispute,219,9
1598,160,Les vieux amoureux,271,10
1599,160,Labsente,256,11
1600,160,Malaguena,194,12
1601,161,Jtraine des pieds,212,1
1602,161,La femme chocolat,173,2
1603,161,I need a child,171,3
1604,161,Non-dits Christian Olivier des Têtes Raides,244,4
1605,161,Thérapie de groupe,203,5
1606,161,La petite valse de Narbonne plage,242,6
1607,161,Quijote,218,7
1608,161,Cabaret blanc Christophe Mali du groupe Tryo,250,8
1609,161,Goutez-moi,159,9
1610,161,La petite voleuse,286,11
1611,161,La fille du vent,245,12
1612,161,De toi à moi II,307,13
1613,161,La Molinera,248,14
1614,162,Ride My Rocket,281,1
1615,162,Ill Be Alright,193,2
1616,162,Tell Me If You Want It,225,3
1617,162,Latest Lover,175,4
1618,162,Biggest Part Of Me,290,5
1619,162,Metal Magic,258,6
1620,162,Widowmaker,183,7
1621,162,Nothin On But The Radio,211,8
1622,162,Sad Lover,208,9
1623,162,Rock Out,346,10
1624,163,All Over Tonight,220,1
1625,163,Out For Blood,187,2
1626,163,Blue Light Turnin Red,99,3
1627,163,Like Fire,245,4
1628,163,In Over My Head,244,5
1629,163,Projects In The Jungle,186,6
1630,163,Heavy Metal Rules,260,7
1631,163,Only A Heartbeat Away,242,8
1632,163,Killers Iron Maiden Cover,208,9
1633,163,Takin My Life,275,10
1634,164,Hot And Heavy,247,1
1635,164,I Am The Night,270,2
1636,164,Onward We Rock,239,3
1637,164,D-G-T-T-M,106,4
1638,164,Daughters Of The Queen,260,5
1639,164,Down Below,162,6
1640,164,Come-On Eyes,256,7
1641,164,Right On The Edge,247,8
1642,164,Valhalla,246,9
1643,164,Forever Tonight,251,10
1644,165,Rock the World,214,1
1645,165,Power Metal,233,2
1646,165,Well Meet Again,235,3
1647,165,Over and Out,307,4
1648,165,Proud to Be Loud,244,5
1649,165,Death Trap,248,7
1650,165,Hard Ride,256,8
1651,165,Burnnn!,215,9
1652,165,P*S*T*88,174,10
1653,166,Cowboys From Hell,248,1
1654,166,Primal Concrete Sledge,133,2
1655,166,Psycho Holiday,320,3
1656,166,Heresy,287,4
1657,166,Cemetery Gates,424,5
1658,166,Domination,305,6
1659,166,Shattered,202,7
1660,166,Clash With Reality,317,8
1661,166,Medicine Man,315,9
1662,166,Message In Blood,311,10
1663,166,The Sleep,348,11
1664,166,The Art Of Shredding,261,12
1665,167,Mouth For War,238,1
1666,167,A New Level,238,2
1667,167,Walk,315,3
1668,167,Fucking Hostile,169,4
1669,167,This Love,393,5
1670,167,Rise,277,6
1671,167,No Good Attack The Radical,290,7
1672,167,Living In A Hole,301,8
1673,167,Regular People Conceit,328,9
1674,167,By Demons Be Driven,281,10
1675,167,Hollow,349,11
1676,168,Arnold Sweared,375,3
1677,169,Strength Beyond Strength,219,1
1678,169,Becoming,186,2
1679,169,5 Minutes Alone,348,3
1680,169,Im Broken,265,4
1681,169,Good Friends And A Bottle Of Pills,173,5
1682,169,Hard Lines,422,6
1683,169,Slaughtered,237,7
1684,169,25 Years,366,8
1685,169,Shedding Skin,337,9
1686,169,Use My Third Arm,292,10
1687,169,Throes of Rejection,302,11
1688,169,Planet Caravan,244,12
1689,170,The Great Southern Trendkill,227,1
1690,170,War Nerve,294,2
1691,170,Drag the Waters,296,3
1692,170,10s,290,4
1693,170,13 Steps to Nowhere,218,5
1694,170,Suicide Note Pt. I,285,6
1695,170,Suicide Note Pt. II,260,7
1696,170,Living Through Me Hells Wrath,291,8
1697,170,Floods,421,9
1698,170,The Underground in America,274,10
1699,170,Reprise Sandblasted Skin,340,11
1700,171,New Level,265,1
1701,171,Sandblasted Skin,270,5
1702,171,Suicide Note Pt. 2,261,6
1703,171,Dom/Hollow,224,9
1704,171,Hostile,236,14
1705,171,Where You Come From,312,15
1706,171,I Cant Hide,137,16
1707,172,HellBound,162,1
1708,172,Goddamn Electric,297,2
1709,172,Yesterday Dont Mean Shit,260,3
1710,172,Youve Got To Belong To It,254,4
1711,172,Revolution Is My Name,316,5
1712,172,Death Rattle,198,6
1713,172,Well Grind That Axe For A Long Time,225,7
1714,172,UpLift,226,8
1715,172,It Makes Them Disappear,383,9
1716,172,Ill Cast A Shadow,323,10
1717,173,Jenny Dont Be Hasty,210,1
1718,173,Last Request,222,2
1719,173,Rewind,260,3
1720,173,Million Faces,222,4
1721,173,These Streets,234,5
1722,173,New Shoes,202,6
1723,173,White Lies,241,7
1724,173,Loving You,241,8
1725,173,Autumn,171,9
1726,173,Alloway Grove,854,10
1727,174,Bulletproof Cupid,142,1
1728,174,English Summer Rain,242,2
1729,174,This Picture,215,3
1730,174,Sleeping With Ghosts,279,4
1731,174,The Bitter End,191,5
1732,174,Something Rotten,329,6
1733,174,Plasticine,207,7
1734,174,Special Needs,317,8
1735,174,Ill Be Yours,213,9
1736,174,Second Sight,170,10
1737,174,Protect Me From What I Want,196,11
1738,174,Centrefolds,302,12
1739,175,These Hands,185,1
1740,175,Beat the World,180,2
1741,175,Melt Me Down,167,3
1742,175,Enough,180,4
1743,175,Dehydration,200,5
1744,175,Stares,231,6
1745,175,Pieces,165,7
1746,175,New Wave,186,8
1747,175,Even Worse,166,9
1748,175,Proven,164,10
1749,175,Into Yesterday,292,11
1750,176,For Dear Life,206,1
1751,176,Steady Decline,253,2
1752,176,Beg to Differ,256,3
1753,176,Lost and Found,246,4
1754,176,Your Fear,292,5
1755,176,Take It in Hand,224,6
1756,176,Intermenstrual,193,7
1757,176,Right to Nothing,178,8
1758,176,Prime Cut,230,9
1759,176,Just the Same,292,10
1760,176,Third From the Sun,356,11
1761,177,Irrelevant Thoughts,157,1
1762,177,Unconditional,285,2
1763,177,Positively Blind,164,3
1764,177,Prove You Wrong,211,4
1765,177,Hell if I Could,240,5
1766,177,Pointless,188,6
1767,177,Contradictions,251,7
1768,177,Torn Between,192,8
1769,177,Brainwave,182,9
1770,177,Territorial Rites,212,10
1771,177,Get a Grip on Yourself,186,11
1772,177,Shouldnt Have Bothered,160,12
1773,177,No Way to Deny It,281,13
1774,178,Another Worldly Device,204,1
1775,178,Whose Fist Is This Anyway-,281,2
1776,178,Snap Your Fingers,252,3
1777,178,Cut-rate,292,4
1778,178,Broken Peace,372,5
1779,178,One Outnumbered,298,6
1780,178,Out of This Misery,266,7
1781,178,No Question,258,8
1782,178,Not of This Earth,384,9
1783,178,Home Rule,238,10
1784,178,Sublime,232,11
1785,178,Test,400,12
1786,179,Controller,219,1
1787,179,Caprice,166,2
1788,179,Rude Awakening,258,3
1789,179,Unfortunately,189,4
1790,179,Face Value,250,5
1791,179,Avenue of the Finset,217,6
1792,179,Slicing,208,7
1793,179,Without Hope,193,8
1794,179,Mansruin,210,9
1795,179,Innocence Gone,190,10
1796,179,Dark Signs,201,11
1797,179,Close the Door,246,12
1798,179,Proud Division,192,13
1799,180,Looking For Them,218,1
1800,180,No Justice,237,2
1801,180,3rd Option,247,3
1802,180,Pure Ether,230,4
1803,180,Power Of the Damager,220,5
1804,180,The Banishment,357,6
1805,180,Worst Of it,212,7
1806,180,Spirit Guide,221,8
1807,180,Messages Inside Of Me,174,9
1808,180,Cant Stop The Bleeding,176,10
1809,180,Bad Fall,236,11
1810,180,Changing Ending Troubling Times,384,12
1811,181,Tie Your Mother Down,288,1
1812,181,You Take My Breath Away,309,2
1813,181,Long Away,214,3
1814,181,The Millionaire Waltz,295,4
1815,181,Somebody To Love,296,6
1816,181,White Man,300,7
1817,181,Good Old Fashioned Lover Boy,174,8
1818,181,Drowse,226,9
1819,181,Teo Torriatte Let Us Cling To,357,10
2880,181,You and I,206,5
1820,182,Too Much Love Will Kill You,124,1
1821,182,Appointment,156,2
1822,182,She Was Once My Friend,187,3
1823,182,I Need Time,194,4
1824,182,Soundcheck,540,5
1825,182,Shout Bama Lama,142,6
1826,182,Hangman,371,7
1827,182,Man From Manhattan,197,8
1828,182,Now I m Here,252,9
1829,182,If You Can t Beat Them,291,10
1830,182,Attack Of The Hawk Men,142,11
1831,182,Save Me,261,12
1832,182,Flash-The Hero,218,13
1833,182,Who Wants To Live Forever,221,14
1834,182,Hold On,232,15
1835,182,Dog With A Bone,363,16
1836,182,The Hitman,58,17
1837,182,Improvisation,25,18
1838,182,A Kind Of Magic,350,19
1839,183,We Will Rock You,122,1
1840,183,I Want It All,271,3
1841,183,Seven Seas of Ryhe,166,4
1842,183,I Cant Live With You 1997 Rocks Retake,288,5
1843,183,Hammer To Fall,263,6
1844,183,Now Im Here,253,8
1845,183,Fat Bottom Girls,256,9
1846,183,Keep Yourself Alive,226,10
1847,183,Tear It Up,205,11
1848,183,One Vision,310,12
1849,183,Sheer Heart Attack,205,13
1850,183,Im In Love With My Car,192,14
1851,183,Put Out The Fire,199,15
1852,183,Headlong,279,16
1853,183,Its Late,388,17
1854,183,No-One But You Only The Good Die Young,254,18
1855,184,Leave Me Alone,230,1
1856,184,Rock N Roll Lies,188,2
1857,184,Vice,194,3
1858,184,Up All Night,243,4
1859,184,Which Way Is Out,199,5
1860,184,Rip It Up,145,6
1861,184,Dalston,179,7
1862,184,Golden Touch,205,8
1863,184,Stumble And Fall,182,9
1864,184,Get It And Go,203,10
1865,184,In The City,291,11
1866,184,To The Sea,331,12
1867,184,Fall,160,13
1868,184,Somewhere Else,197,14
1869,185,True Men Dont Kill Coyotes,220,1
1870,185,Baby Appeal,222,2
1871,185,Buckle Down,205,3
1872,185,Get up and Jump,174,4
1873,185,Why dont you Love me,204,5
1874,185,Green Heaven,241,6
1875,185,Mommy Wheres Daddy,212,7
1876,185,Out in L.A.,121,8
1877,185,Police Helicopter,83,9
1878,185,YOU ALWAYS SING,18,10
1879,185,Grand Pappy Du Plenty,246,11
1880,185,Get Up and Jump demo,158,12
1881,185,Police Helicopter demo,72,13
1882,185,Out in L.A. demo,116,14
1883,185,Green Heaven demo,231,15
1884,185,What It Is aka Ninas Song ,242,16
1885,186,Jungle Man,250,1
1886,186,Hollywood,304,2
1887,186,American Ghost Dance,224,3
1888,186,If You Want me to Stay,248,4
1889,186,Nevermind,169,5
1890,186,Freaky Style,219,6
1891,186,Blackeyed Blonde,161,7
1892,186,The Brothers Cup,208,8
1893,186,Battle Ship,114,9
1894,186,Lovin and Touchin,37,10
1895,186,Catholic School Girls Rule,116,11
1896,186,Sex Rap,115,12
1897,186,Thirty Dirty Birds,15,13
1898,186,Yertle the Turtle,218,14
1899,186,Nevermind Demo,137,15
1900,186,Sex Rap Demo,97,16
1901,186,Freaky Styley Original Long Version,530,17
1902,186,Millionaires Against Hunger,209,18
1903,187,Fire,124,1
1904,187,Backwoods,188,2
1905,187,Hollywood Africa,304,4
1906,188,Good Time Boys,301,1
1907,188,Higher Ground,203,2
1908,188,Subway To Venus,266,3
1909,188,Magic Johnson,177,4
1910,188,Knock Me Down,225,6
1911,188,Taste the Pain,267,7
1912,188,Stone Cold Bush,186,8
1913,188,Pretty Little Ditty,96,10
1914,188,Punk Rock Classic,107,11
1915,188,Sexy Mexican Maid,203,12
1916,188,Johnny,310,13
2054,188,Nobody Weird Like Me,228,5
1917,189,The Power Of Equality,243,1
1918,189,If You Have to Ask,217,2
1919,189,Breaking the Girl,297,3
1920,189,Funky Monks,324,4
1921,189,Suck My Kiss,217,5
1922,189,I Could Have Lied,244,6
1923,189,Mellowship Slinky in B Major,241,7
1924,189,The Righteous and the Wicked,248,8
1925,189,Give It A Way,282,9
1926,189,Blood Sugar Sex Magik,271,10
1927,189,Under The Bridge,262,11
1928,189,Naked in the Rain,266,12
1929,189,Apache Rose Peacock,282,13
1930,189,The Greeting Song,194,14
1931,189,My Lovely Man,279,15
1932,189,Sir Psycho Sexy,497,16
1933,189,Theyre Red Hot,71,17
1934,190,Fight Like a Brave,232,2
1935,190,Behind the Sun,282,3
1936,190,Me & My Friends,187,4
1937,190,Show Me Your Soul,262,11
1938,190,Johnny Kick a Hole in the Sky,310,18
1939,191,Higher Ground 12 vocal mix,319,1
1940,191,Hollywood Extended dance mix,394,2
1941,191,If You Want Me To Stay Pink Mustang mix,424,3
1942,191,Behind The Sun Ben Grosse mix,284,4
1943,191,Castles Made of Sand,196,5
1944,191,Special Secret Song Inside,196,6
1945,191,F. U.,77,7
1946,191,Out In LA demo,116,9
1947,191,Blues For Meister,174,14
1948,191,You Always Sing The Same,18,15
1949,191,Stranded,23,16
1950,191,Flea Fly,40,17
1951,191,What It Is,244,18
1952,191,Deck The Halls,63,19
1953,192,Warped,305,1
1954,192,Aeroplane,286,2
1955,192,Deep Kick,395,3
1956,192,My Friends,243,4
1957,192,Coffee Shop,189,5
1958,192,Pea,108,6
1959,192,One Big Mob,363,7
1960,192,Walkabout,308,8
1961,192,Tearjerker,260,9
1962,192,One Hot Minute,384,10
1963,192,Falling Into Grace,228,11
1964,192,Shallow Be Thy Game,274,12
1965,192,Transcending,600,13
1966,193,Tiny Dancer Live,120,7
1967,193,Castles Made Of Sand Live,198,8
1968,193,Dr. Funkenstein Live,72,9
1969,193,Search And Destroy,254,11
1970,193,Higher Ground Daddy-O Mix,320,12
1971,193,Hollywood Africa Extended Dance Mix,394,13
1972,194,Around The World,239,1
1973,194,Parallel Universe,271,2
1974,194,Scar Tissue,218,3
1975,194,Otherside,256,4
1976,194,Get On Top,199,5
1977,194,Californication,322,6
1978,194,Easily,232,7
1979,194,Porcelain,164,8
1980,194,Emit Remmus,241,9
1981,194,I Like Dirt,158,10
1982,194,This Velvet Glove,226,11
1983,194,Savior,293,12
1984,194,Purple Stain,254,13
1985,194,Right On Time,113,14
1986,194,Road Trippin,206,15
1987,195,By The Way,216,1
1988,195,Universally Speaking,260,2
1989,195,This Is The Place,258,3
1990,195,Dosed,317,4
1991,195,Dont Forget Me,281,5
1992,195,The Zephyr Song,234,6
1993,195,Cant Stop,276,7
1994,195,I Could Die For You,194,8
1995,195,Midnight,296,9
1996,195,Throw Away Your Television,224,10
1997,195,Cabron,221,11
1998,195,Tear,317,12
1999,195,On Mercury,206,13
2000,195,Minor Thing,218,14
2001,195,Warm Tape,256,15
2002,195,Venice Queen,367,16
2003,196,Give It Away,285,2
2004,196,Soul To Squeeze,291,5
2005,196,Road Trippin,206,14
2006,196,Fortune Faded,202,15
2007,196,Save The Population,246,16
2008,197,Havana Affair,200,9
2009,197,Power Of Equality,250,19
2010,197,Outro,151,20
2896,197,Intro,121,1
2897,199,Intro,237,1
2902,205,Gone,223,11
2110,206,Hero,227,1
2111,206,Ugly,250,2
2112,206,Silence,239,4
2113,206,This Life,275,5
2114,206,Failure,226,6
2115,206,See And Believe,251,7
2116,206,The Last Song,232,8
2117,206,Desertion,200,9
2118,206,Never,245,10
2119,206,Shadows In Red,267,11
2889,206,Pieces,184,3
2120,207,Deathstar,220,1
2121,207,Clueless,231,2
2122,207,Driven,228,3
2123,207,Feed,220,4
2124,207,Suffer,232,5
2125,207,Under,196,7
2126,207,Story Of Your Life,252,8
2127,207,Confessions Of Hatred,251,9
2128,207,Aggression,267,10
2129,207,Burn,544,11
2130,207,Alpha,225,12
2877,207,Beg to Differ,242,6
2131,208,Man! I Feel Like A Woman!,314,1
2132,208,Honey,222,2
2133,208,You Win My Love,345,3
2134,208,Whose Bed Have Your Boots Been Under,310,4
2135,208,Youre Still The One,225,5
2136,208,I Wont Leave You Lonely,263,6
2137,208,Come On Over,182,7
2138,208,Love Gets Me Every Time,222,8
2139,208,Im Holdin On To Love To Save My Life,211,9
2140,208,Medley Home Aint Where His Heart Is Youve Got Away,455,11
2141,208,That Dont Impress Me Much,271,12
2142,208,If It Dont Take Two,260,13
2143,208,Black Eyes,370,14
2144,208,God Bless The Child,304,15
2145,208,To Daddy,176,16
2146,208,What Made You Say That,226,17
2147,208,No One Needs To Know,266,18
2148,208,Any Man Of Mine,345,19
2149,208,Dont Be Stupid You Know I Love You,320,20
2150,208,From This Moment On,496,21
2151,208,If Youre Not In It For Love Im Outta Here,422,22
2152,208,Any Man Of Mine Reprise,285,23
2153,208,Rock This Country!,386,24
2879,208,When,298,10
2154,209,Up !,173,1
2155,209,Im Gonna Getcha Good !,270,2
2156,209,Shes Not Just A Pretty Face,229,3
2157,209,Juanita,230,4
2158,209,Forever And For Always,284,5
2159,209,Aint No Particular Way,265,6
2160,209,It Only Hurts When Im Breathing,199,7
2161,209,Nah !,249,8
2162,209,Wanna Get To Know You That Good !,274,9
2163,209,Cest La Vie,223,10
2164,209,Im Jealous,245,11
2165,209,Ka-Ching !,201,12
2166,209,Thank You Baby ! For Makin Someday Come So Soon,241,13
2167,209,Waiter ! Bring Me Water !,200,14
2168,209,What A Way To Wanna Be !,216,15
2169,209,I Aint Goin Down,238,16
2170,209,Im Not In The Mood To Say No !,206,17
2171,209,In My Car Ill Be The Driver,197,18
2172,209,When You Kiss Me,248,19215,12
2173,210,Man ! I Feel Like a Woman,233,1
2174,210,Whose Bed Have Your Boots Been Under ?,266,4
2175,210,Love Gets Me Everytime,216,7
2176,210,Im Holding On To Love To Save My Life,206,8
2177,210,If Youre Not In It For Love Im Outta Here !,271,13
2178,210,Rock This Country,267,14
2179,211,Monkey Business,258,1
2180,211,Slave to the Grind,210,2
2181,211,The Threat,230,3
2182,211,Quicksand Jesus,326,4
2183,211,Psycho Love,237,5
2184,211,Get the Fuck Out,163,6
2185,211,Livin on a Chain Gang,238,7
2186,211,Creepshow,239,8
2187,211,In a Darkened Room,235,9
2188,211,Riot Act,160,10
2189,211,Mudkicker,234,11
2190,211,Wasted Time,349,12
2191,212,My Enemy,219,1
2192,212,Firesign,295,2
2193,212,Bonehead,136,3
2194,212,Beat Yourself Blind,303,4
2195,212,Eileen,337,5
2196,212,Remains To Be Seen,214,6
2197,212,Subhuman Race,161,7
2198,212,Frozen,284,8
2199,212,Into Another,243,9
2200,212,Face Against My Soul,261,10
2201,212,Medicine jar,217,11
2202,212,Breakin Down,271,12
2203,213,Black Magic,239,1
2204,213,Die By The Sword,244,2
2205,213,Captor Of Sin,214,3
2206,213,The Antichrist,194,4
2207,213,Evil Has No Boundaries,179,5
2208,213,Show No Mercy,183,6
2209,213,Aggressive Perfector,153,7
2210,213,Chemical Warfare,363,8
2211,214,Hell Awaits,412,1
2212,214,The Anti-Christ,231,2
2213,214,War Ensemble,299,3
2214,214,South of Heaven,266,4
2215,214,Raining Blood,152,5
2216,214,Altar of Sacrifices,168,6
2217,214,Jesus Saves,242,7
2218,214,Dead Skin Mask,310,8
2219,214,Seasons in the Abyss,415,9
2220,214,Mandatory Suicide,248,10
2221,214,Angel of Death,322,11
2222,215,Hallowed Point,217,1
2223,215,Blood Red,171,2
2224,215,Born of Fire,184,6
2225,215,Postmortem,245,7
2226,215,Spirit in Black,247,8
2227,215,Expendable Youth,277,9
2228,216,Killing Fields,238,1
2229,216,Sex. Murder. Art.,110,2
2230,216,Fictional Reality,218,3
2231,216,Dittohead,151,4
2232,216,Divine Intervention,334,5
2233,216,Circle Of Beliefs,270,6
2234,216,SS-3,247,7
2235,216,Serenity In Murder,157,8
2236,216,213,292,9
2237,216,Mind Control,185,10
2238,217,Slayer / Disintegration / Free Money,102,1
2239,217,Slayer / Verbal Abuse / Leeches,118,2
2240,217,Slayer / Abolish Government / Superficial Love,108,3
2241,217,Cant Stand You,88,4
2242,217,Ddamm,62,5
2243,217,Guilty Of Being White,67,6
2244,217,I Hate You,137,7
2245,217,Slayer / Filler / I Dont Want To Hear It,149,8
2246,217,Spiritual Law,180,9
2247,217,Sick Boy,134,10
2248,217,Mr. Freeze,144,11
2249,217,Violent Pacification,158,12
2250,217,Richard Hung Himself,202,13
2251,217,Im Gonna Be Your God,179,14
2252,217,Gemini,294,15
2253,218,Flesh Storm,257,1
2254,218,Catalyst,190,2
2255,218,Eyes of the Insane,206,3
2256,218,Jihad,212,4
2257,218,Skeleton Christ,264,5
2258,218,Consfearacy,190,6
2259,218,Black Serenade,198,7
2260,218,Catatonic,297,8
2261,218,Cult,282,9
2262,218,Supremist,231,10
2263,219,7,36,1
2264,219,sic,200,2
2265,219,eyeless,237,3
2266,219,wait and bleed,148,4
2267,219,surfacing,219,5
2268,219,spit it out,160,6
2269,219,tattered & torn,174,7
2270,219,Me Inside,162,8
2271,219,liberate,187,9
2272,219,prosthetics,299,10
2273,219,no life,168,11
2274,219,Diluted,203,12
2275,219,only one,147,13
2276,219,Scissors,212,14
2277,219,slipknot - get this,123,15
2278,220,-515,60,1
2279,220,People = Shit,216,2
2280,220,Disasterpiece,308,3
2281,220,My Plague,220,4
2282,220,Everything Ends,254,5
2283,220,The Heretic Anthem,254,6
2284,220,Gently,294,7
2285,220,Left Behind,241,8
2286,220,The Shape,218,9
2287,220,I Am Hated,158,10
2288,220,Skin Ticket,401,11
2289,220,New Abortion,217,12
2290,220,Metabolic,239,13
2291,220,Iowa,905,14
2292,221,Prelude 3.0,237,1
2293,221,The Blister Exists,319,2
2294,221,Three Nil,288,3
2295,221,Duality,253,4
2296,221,Opium Of The People,193,5
2297,221,Circle,263,6
2298,221,Welcome,195,7
2299,221,Vermilion,317,8
2300,221,Pulse Of The Maggots,260,9
2301,221,Before I Forget,279,10
2302,221,Vermilion PT.2,224,11
2303,221,The Nameless,268,12
2304,221,The Virus Of Life,325,13
2305,221,Danger - Keep Away,194,14
2306,221,scream,270,15
2307,222,Vermillion,356,7
2308,222,Purity,313,9
2309,222,Drum Solo,239,11
2310,222,Eeyore,137,12
2311,223,Get This,165,10
2312,224,Surgery,225,1
2313,224,Thats Ridiculous,198,2
2314,224,Sometimes,336,3
2315,224,I Cant Believe,287,4
2316,224,Tar Poo,299,5
2317,224,Funk Milk,195,6
2318,224,Simple Woman,348,7
2319,224,Bertha,164,8
2320,224,Voices Again,192,9
2321,224,Tumult,234,1
2322,224,Super Skin,250,2
2323,224,Monolith,217,3
2324,224,Faux Pax,229,4
2325,224,Maybe When I Die Ill Meet Elv,226,5
2326,224,Take A Number,222,6
2327,224,Bedanya,292,7
2328,224,September,222,8
2329,224,Inherited,242,9
2330,224,Things Like Raisins,220,10
2331,224,Mothers Ghost Acoustic Orche,213,11
2332,225,Get Inside,194,1
2333,225,Orchids,265,2
2334,225,Cold Reader,222,
2335,225,Blotter,242,4
2336,225,Choose,258,5
2337,225,Inhale,266,7
2338,225,Bother,241,8
2339,225,Blue Study,278,9
2340,225,Idle Hands,237,11
2341,225,Omega,177,13
2342,225,Rules Of Evidence,225,14
2343,225,The Wicked,296,15
2344,225,Inside The Cynic,205,16
2345,225,Kill Everybody,207,17
2346,225,Road Hogs,234,18
2347,226,30/30-150,258,1
2348,226,Come Whatever May,220,2
2349,226,Hell & Consequences,211,3
2350,226,Sillyworld,249,4
2351,226,Made Of Scars,204,5
2352,226,Reborn,193,6
2353,226,Your God,283,7
2354,226,Through Glass,283,8
2355,226,Socio,200,9
2356,226,1st Person,242,10
2357,226,Cardiff,282,11
2358,226,Zzyxz Rd.,316,12
2359,227,Suicides An Alternative / Youll Be Sorry,166,1
2360,227,Two Sides Politics,64,2
2361,227,I Shot The Devil,112,3
2362,227,Subliminal,189,4
2363,227,Wont Fall In Love Today,60,5
2364,227,Institutionalised,230,6
2365,227,Memories Of Tomorrow,60,7
2366,227,Possessed,129,8
2367,227,I Saw Your Mommy,293,9
2368,227,Fascist Pig,78,10
2369,227,I Want More,148,11
2370,227,Suicidal Failure,175,12
2371,227,Possessed To Skate,151,13
2372,227,Human Guinea Pig,125,14
2373,227,Two Wrongs Dont Make A Right But They Make Me Feel A Lot Better,168,15
2374,228,Suicidal Maniac,177,1
2375,228,Join The Army,218,2
2376,228,You Got,176,3
2377,228,A Little Each Day,249,4
2378,228,The Prisoner,174,5
2379,228,War Inside My Head,232,6
2380,228,I Feel Your Pain,208,7
2381,228,No Name,155,10
2382,228,Cyco,134,11
2383,228,Two Wrongs Dont Make A Right,170,12
2384,228,Looking In Your Eyes,170,13
2385,229,Trip At The Brain,273,1
2386,229,Hearing Voices,254,2
2387,229,Pledge Your Allegiance,273,3
2388,229,How Will I Laugh Tomorrow,405,4
2389,229,The Miracle,329,5
2390,229,Suicyco Mania,353,6
2391,229,Surf And Slam,172,7
2392,229,If I Dont Wake Up,294,8
2393,229,Sorry?!,228,9
2394,229,One Too Many Times,194,10
2395,229,The Feelings Back,245,11
2396,230,Master Of No Mercy,158,1
2397,230,Just Another Love Song,196,3
2398,230,Waking The Dead,415,4
2399,230,Controlled by Hatred,339,5
2400,230,Choosing My Own Way of Life,186,6
2401,230,Feel Like Shit....Deja-Vu,174,7
2402,230,Its Not Easy,240,8
2403,230,How Will I Laugh Tomorrow Heavy Emotion Version,392,9
2404,231,You Cant Bring Me Down,351,1
2405,231,Lost Again,317,2
2406,231,Alone,265,3
2407,231,Lovely,226,4
2408,231,Give It Revolution,263,5
2409,231,Get Whacked,264,6
2410,231,Send Me Your Money,205,7
2411,231,Emotion No. 13,224,8
2412,231,Discos Out,188,9
2413,231,Gon Breakdown,279,10
2414,232,Suicide Is An Alternative,163,1
2415,232,Institutionalized,228,7
2416,232,I Feel Your Pain And I Survive,206,8
2417,233,Suicides An Alternative,146,1
2418,233,Two-Sided Politics,63,2
2419,233,Dont Give Me Your Nothin,244,8
2420,234,Invocation,60,1
2421,234,Dont Give a Fuck,167,2
2422,234,No Fuckn Problem,212,3
2423,234,Suicyco Muthafucka,268,4
2424,234,Fucked Up Just Right,298,5
2425,234,No Bullshit,193,6
2426,234,What Else Could I Do?,360,7
2427,234,What You Needs a Friend,236,8
2428,234,I Wouldnt Mind,263,9
2429,234,Depression and Anguish,183,10
2430,234,Evil,224,11
2431,234,Love Vs. Loneliness,417,12
2432,234,Benediction,61,13
2433,235,Freedumb,172,1
2434,235,Aint Gonna Take It,129,2
2435,235,Scream Out,150,3
2436,235,Halfway Up My Head,242,4
2437,235,Cyco Vision,110,5
2438,235,I Aint Like You,156,6
2439,235,Naked,237,7
2440,235,Hippie Killer,190,8
2441,235,Built to Survive,187,9
2442,235,Get Sick,178,10
2443,235,We Are Family,175,11
2444,235,Ill Buy Myself,108,12
2445,235,Gaigan Go Home,118,13
2900,235,Heaven,253,14
2446,236,Self Destruct,212,1
2447,236,Su Casa Es Mi Casa,249,2
2448,236,No More No Less,206,3
2449,236,Free Your Soul,232,4
2450,236,Pop Songs,139,5
2451,236,Bullenium,170,6
2452,236,Animal,132,7
2453,236,Straight From The Heart,283,8
2454,236,Cyco Speak,184,9
2455,236,Start Your Brain,196,10
2456,236,Public Dissension,206,11
2457,236,Children Of The Bored,223,12
2458,236,Got Mutation,184,13
2459,236,Charlie Monroe,320,14
2899,236,Home,451,15
2460,237,We Are A Family,243,7
2461,237,Suicidal Jam,138,11
2462,237,Psycho Vision,125,12
2463,238,Le Rock à Billy,124,1
2464,238,Ramdam,196,2
2465,238,Butterfly,233,3
2466,238,Over You,164,4
2467,238,Lola,178,5
2468,238,Tiens Le Fil,122,6
2469,238,Un Peu De Douleur,168,7
2470,238,Let Me Hold You,196,8
2471,238,On Monday,262,9
2472,238,Travel The World,228,10
2473,238,Jenn Je TAime,196,11
2474,238,Ca Mousse,194,12
2475,238,Bad Boy Killer,165,13
2476,238,Breath,226,14
2477,239,Suite-Pee,152,1
2478,239,Know,177,2
2479,239,Sugar,154,3
2480,239,Suggestions,165,4
2481,239,Spiders,216,5
2482,239,DDevil,103,6
2483,239,Soil,206,7
2484,239,War?,160,8
2485,239,Mind,376,9
2486,239,Peephole,244,10
2487,239,CUBErt,109,11
2488,239,Darts,163,12
2489,239,P.L.U.C.K.,217,13
2490,240,Prison Song,202,1
2491,240,Needles,194,2
2492,240,Deer Dance,175,3
2493,240,Jet Pilot,127,4
2494,240,X,119,5
2495,240,Chop Suey!,210,6
2496,240,Bounce,114,7
2497,240,Forest,240,8
2498,240,Atwa,176,9
2499,240,Science,163,10
2500,240,Shimmy,111,11
2501,240,Toxicity,219,12
2502,240,Psycho,226,13
2503,240,Aerials,371,14
2504,241,Chic N Stu,146,1
2505,241,Innervision,156,2
2506,241,Bubbles,119,3
2507,241,Boom!,137,4
2508,241,Nüguns,153,5
2509,241,A.D.D.,200,6
2510,241,Mr. Jack,253,7
2511,241,I-E-A-I-A-I-O,191,8
2512,241,36,48,9
2513,241,Pictures,129,10
2514,241,Highway Song,197,11
2515,241,F**k The System,135,12
2516,241,Ego Brain,205,13
2517,241,Thetawaves,161,14
2518,241,Roulette,203,15
2519,241,Streamline,217,16
2520,242,Attack,187,1
2521,242,Dreaming,240,2
2522,242,Kill Rockn Roll,148,3
2523,242,Hypnotize,189,4
2524,242,Stealing Society,178,5
2525,242,Tentative,217,6
2526,242,U-Fig,175,7
2527,242,Holy Mountains,329,8
2528,242,Vicinity Of Obscenity,172,9
2529,242,Shes Like Heroin,164,10
2530,242,Lonely Day,168,11
2531,242,Soldier Side,220,12
2532,243,B.Y.O.B.,256,2
2533,243,Revenga,228,3
2534,243,Cigaro,132,4
2535,243,Radio/Video,249,5
2536,243,This Cocaine Makes Me Feel Like Im On This Song,128,6
2537,243,Violent Pornography,211,7
2538,243,Question!,201,8
2539,243,Sad Statue,206,9
2540,243,Old School Hollywood,177,10
2541,243,Lost In Hollywood,321,11
2542,244,shame system of a down and wu,161,2
2543,244,metro,180,4
2544,244,marmalade,182,5
2545,245,Erin Shore Traditional Intro Instrumental,27,1
2546,245,Forgiven,256,2
2547,245,Heaven Knows,258,3
2548,245,Along With The Girls Instrumental,49,4
2549,245,Someday,231,5
2550,245,The Right Time,248,7
2551,245,The Minstrel Boy Instrumental,133,8
2552,245,Toss The Feathers Instrumental,170,9
2553,245,Love To Love You,248,10
2554,245,Secret Life,271,11
2555,245,Carraroe Jig Instrumental,53,12
2556,245,Closer,245,13
2557,245,Erin Shore Instrumental,254,15
2893,245,Leave Me Alone,220,14
238,246,Runaway,267,15
1327,246,Little Wing,310,14
2558,246,Only When I Sleep,266,1
2559,246,When Hes Not Around,266,2
2560,246,Dreams,242,3
2561,246,What Can I Do,260,4
2562,246,I Never Loved You Anyway,268,5
2563,246,So Young,233,6
2564,246,Dont Say You Love Me,279,7
2565,246,Love Gives,223,8
2566,246,Hopelessly Addicted,245,9
2567,246,Paddy McCarthy,300,10
2568,246,Intimacy,237,11
2569,246,Queen of Hollywood,303,12
2570,246,No Good For Me,241,13
2571,247,Radio,302,3
2572,247,Toss The Feathers,195,4
2573,247,At Your Side,273,7
2574,247,No Frontiers,269,9
2575,247,Old Town,190,11
2576,247,Lough Erin Shore,265,12
2577,247,Dreams Bonus Track,226,15
2578,248,Breathless,209,1
2579,248,Give Me a Reason,210,2
2580,248,Somebody For Someone,241,3
2581,248,Say,274,4
2582,248,All the Love in the World,263,5
2583,248,Irresistible,221,7
2584,248,One Night,278,8
2585,248,All in a Day,223,9
2586,248,No More Cry,179,11
2587,248,Rain,255,12
2588,248,Give It All Up,209,13
2589,248,Hurt Before,245,14
2590,248,Rebel Heart,246,15
2591,249,Along With The Girls,159,5
2592,249,All The Love n The World,292,12
2593,249,Would You Be Happier,208,17
2594,249,Happy Christmas War Is Over,223,18
2595,249,Band Intros,64,19
2898,249,Intro,46,0
2596,250,Would You Be Happier?,205,1
2597,250,Breathlees,207,2
2598,250,When The Stars Go Blue,260,3
2599,250,Joy Of Life,245,5
2600,250,Only Love Can Break Your Heart,184,7
2601,250,Summer Wine,234,9
2602,250,Ruby Tuesday,219,11
2603,251,Summer Sunshine,173,1
2604,251,Angel,206,2
2605,251,Hideaway,198,3
2606,251,Long Night,228,4
2607,251,Goodbye,248,5
2608,251,Time Enough For Tears,304,6
2609,251,Humdrum,223,7
2610,251,Even If,183,8
2611,251,Borrowed Heaven,262,9
2612,251,Confidence For Quiet,191,10
2613,251,Baby Be Brave,239,11
2614,251,Silver Stand,266,12
2615,252,Transmetropolitan,256,1
2616,252,The Battle Of Brisbane,110,2
2617,252,The Auld Triangle,260,3
2618,252,Waxie´s Dargle,113,4
2619,252,Boys From The County Hell,176,5
2620,252,Sea Shanty,145,6
2621,252,Dark Streets Of London,213,7
2622,252,Streams Of Whisky,153,8
2623,252,Poor Paddy,190,9
2624,252,Dingle Regatta,172,10
2625,252,Greenland Whale Fisheries,157,11
2626,252,Down In The Ground Where The Dead Men Go,210,12
2627,252,Kitty,263,13
2628,253,If I Should Fall From Grace With God,141,1
2629,253,Turkish Song Of The Damned,208,2
2630,253,Bottle Of Smoke,167,3
2631,253,Fairytale Of New York,277,4
2632,253,Metropolis,171,5
2633,253,Thousands Are Sailing,329,6
2634,253,South Australia,208,7
2635,253,Fiesta,253,8
2636,253,Medley,242,9
2637,253,Streets Of Sorrow-Birmingham Six,279,10
2638,253,Lullaby Of London,212,11
2639,253,The Battle March Medley,250,12
2640,253,Sit Down By The Fire,138,13
2641,253,The Broad Majestic Shannon,175,14
2642,253,Worms,63,15
2643,254,The Sunnyside Of The Street,164,1
2644,254,Sayonara,187,2
2645,254,The Ghost Of A Smile,179,3
2646,254,Hells Ditch,183,4
2647,254,Lorcas Novena,281,5
2648,254,Summer In Siam,246,6
2649,254,Rain Street,241,7
2650,254,Rainbow Man,166,8
2651,254,The Wake Of The Medusa,185,9
2652,254,House Of The Gods,227,10
2653,254,5 Green Queens And Jean,156,11
2654,254,Maidrin Rua,107,12
2655,254,Six To Go,178,13
2656,255,What Ever Happened?,175,1
2657,255,Reptilia,222,2
2658,255,Automatic Stop,207,3
2659,255,12:51,154,4
2660,255,You Talk Way Too Much,185,5
2661,255,Between Love & Hate,196,6
2662,255,Meet Me In The Bathroom,178,7
2663,255,Under Control,187,8
2664,255,The Way It Is,143,9
2665,255,The End Has No End,188,10
2666,255,I Cant Win,155,11
2667,256,Blue Orchid,158,1
2668,256,The Nurse,227,2
2669,256,My Doorbell,242,3
2670,256,Forever For Her Is Over For Me,196,4
2671,256,Little Ghost,139,5
2672,256,The Denial Twist,156,6
2673,256,White Moon,241,7
2674,256,Instinct Blues,256,8
2675,256,Passive Manipulation,35,9
2676,256,Take,263,10
2677,256,As Ugly As I Seem,250,11
2678,256,Red Rain,233,12
2679,256,Im Lonely But I Aint That Lonely Yet,260,13
2680,257,Icky Thump,255,1
2681,257,You Dont Know What Love Is You Just Do As Youre Told,234,2
2682,257,300 M.P.H. Torrential Outpour Blues,329,3
2683,257,Conquest,168,4
2684,257,Bone Broke,194,5
2685,257,Prickly Thorn,186,6
2686,257,St. Andrew This Battle Is In The Air,110,7
2687,257,Little Cream Soda,225,8
2688,257,Rag And Bone,228,9
2689,257,Im Slowly Turning Into You,275,10
2690,257,A Martyr For My Love For You,260,11
2691,257,Catch Hell Blues,258,12
2692,257,Effect And Cause,180,13
2693,258,Intolerance,295,1
2694,258,Prison Sex,296,2
2695,258,Sober,307,3
2696,258,Bottom,435,4
2697,258,Crawl Away,330,5
2698,258,Swamp Song,332,6
2699,258,Undertow,322,7
2700,258,4 Degrees,363,8
2701,258,Flood,466,9
2702,258,Disgustipated,947,69
2703,259,Stinkfist,311,1
2704,259,Eulogy,507,2
2705,259,H.,369,3
2706,259,Forty Six & 2,362,4
2707,259,Message to Harry Manback,111,5
2708,259,Hooker With a Penis,272,6
2709,259,Intermission,58,7
2710,259,Jimmy,324,8
2711,259,Pushit,596,9
2712,259,Cesaro Summability,87,10
2713,259,Ænema,399,11
2714,259,Third Eye,825,12
2715,260,The Grudge,517,1
2716,260,Eon Blue Apocalypse,65,2
2717,260,The Patient,434,3
2718,260,Mantra,73,4
2719,260,Parabol,185,6
2720,260,Parabola,364,7
2721,260,Ticks & Leeches,490,8
2722,260,Lateralus,565,9
2723,260,Disposition,286,10
2724,260,Reflection,668,11
2725,260,Triad,527,12
2726,260,Faaip de Oaid,159,13
2887,260,Schism,408,5
2727,261,Vicarious,427,1
2728,261,Jambi,449,2
2729,261,Wings For Marie Part 1,372,3
2730,261,10,675,4
2731,261,The Pot,382,5
2732,261,Lipan Conjuring,71,6
2733,261,Lost Keys Blame Hofmann,227,7
2734,261,Lost Keys,200,7
2735,261,Rosetta Stoned,672,8
2736,261,Intension,442,9
2737,261,Right In Two,536,10
2738,261,Viginti Tres,303,11
2739,262,Come Feel Me,240,1
2740,262,Nylon,268,2
2741,262,Stick,269,3
2742,262,Stay Awake,287,4
2743,262,Makeshift Grey,237,5
2744,262,Cherubs Fall,264,6
2745,262,Loud,194,7
2746,262,When This Ends,187,8
2747,262,Untitled,73,9
2748,262,Shift,121,10
2749,262,The Sik N U,253,11
2750,262,Bonus Track,173,12
2751,263,Somebody Else Been Shaking Your Tree,152,1
2752,263,Brown Sugar,325,2
2753,263,Squank,171,3
2754,263,Goin Down To Mexico,205,4
2755,263,Old Man,214,5
2756,263,Neighbor,142,6
2757,263,Certified Blues,210,7
2758,263,Bedroom Thang,235,8
2759,263,Just Got Back From Babys,257,9
2760,263,Backdoor Love Affair,162,10
2761,264,Francine,174,1
2762,264,Just Got Paid,229,2
2763,264,Mushmouth Shoutin,225,3
2764,264,Ko Ko Blue,264,4
2765,264,Chevrolet,200,5
2766,264,Apologies To Pearly,167,6
2767,264,Bar-B-Q,203,7
2768,264,Sure Got Cold After The Rain Fell,409,8
2769,264,Whiskeyn Mama,201,9
2770,264,Down Brownie,146,10
2771,265,Waitin For The Bus,174,1
2772,265,Jesus Just Left Chicago,212,2
2773,265,Beer Drinkers And Hell Raisers,207,3
2774,265,Master Of Sparks,211,4
2775,265,Hot Blue And Righteous,198,5
2776,265,Move Me On Down The Line,151,6
2777,265,Precious And Grace,190,7
2778,265,La Grange,235,8
2779,265,Shiek,245,9
2780,265,Have you heard ?,193,10
2781,266,Thunderbird,251,1
2782,266,Jailhouse Rock,119,2
2783,266,Backdoor Medley: Backdoor Love Affair/Mellow Down Easy/Backdoor Love Affair No. 2/Long Distance Boogie,593,3
2784,266,Nasty Dogs And Funky Kings,172,4
2785,266,Blue Jean Blues,288,5
2786,266,Balinese,158,6
2787,266,Mexican Blackbird,187,7
2788,266,Heard It On The X,149,8
2789,266,Tush,135,9
2790,267,It´s Only Love,264,1
2791,267,Arrested For Driving While Blind,189,2
2792,267,El Diablo,262,3
2793,267,Snappy Kakkie,179,4
2794,267,Enjoy And Get It On,206,5
2795,267,Ten Dollar Man,222,6
2796,267,Pan Am Highway Blues,195,7
2797,267,Avalon Hideaway,188,8
2798,267,She´s A Heartbreaker,182,9
2799,267,Asleep In The Desert,205,10
2800,268,I Thank You,206,1
2801,268,She Loves My Automobile,144,2
2802,268,Im Bad,294,3
2803,268,A Fool For Your Stockings,257,4
2804,268,Manic Mechanic,156,5
2805,268,Low Down In The Street,170,7
2806,268,Hi Fi Mama,145,8
2807,268,Cheap Sunglasses,289,9
2808,268,Esther Be The One,211,10
2809,269,Tube Snake Boogie,186,1
2810,269,I Wanna Drive You Home,289,2
2811,269,Ten Foot Pole,264,3
2812,269,Leila,198,4
2813,269,Don´t Tease Me,265,5
2814,269,It´s So Hard,312,6
2815,269,Pearl Necklace,248,7
2816,269,Groovy Little Hippie Pad,165,8
2817,269,Heaven,154,9
2818,269,Party On The Patio,169,10
2819,270,Gimme All Your Lovin,245,1
2820,270,Got Me Under Pressure,243,2
2821,270,Sharp Dressed Man,259,3
2822,270,I Need You Tonight,378,4
2823,270,I Got The Six,176,5
2824,270,Legs,275,6
2825,270,Thug,259,7
2826,270,TV Dinners,234,8
2827,270,Dirty Dog,242,9
2828,270,If I Could Only Flag Her Down,221,10
2829,270,Bad Girl,195,11
2830,271,Sleeping bag,248,1
2831,271,Stages,215,2
2832,271,Woke up with wood,230,3
2833,271,Rough boy,293,4
2834,271,Cant stop rockin,185,5
2835,271,Planet of women,247,6
2836,271,I got the message,211,7
2837,271,Velcro fly,213,8
2838,271,Dipping low in the lap of luxury,195,9
2839,271,Delirious,222,10
2840,272,Pincushion,275,1
2841,272,Breakaway,299,2
2842,272,World Of Swirl,251,3
2843,272,Fuzzbox Voodoo,285,4
2844,272,Girl In A T-Shirt,253,5
2845,272,Antenna Head,285,6
2846,272,PCH,239,7
2847,272,Cherry Red,281,8
2848,272,Cover Your Rig,351,9
2849,272,Lizard Life,312,10
2850,272,Deal Goin Down,249,11
2851,272,Everything,235,12
2852,273,Rhythmeen,234,1
2853,273,Bang Bang,269,2
2854,273,Black Fly,214,3
2855,273,Whats Up With That,321,4
2856,273,Vincent Price Blues,365,5
2857,273,Zipper Job,255,6
2858,273,Hairdresser,230,7
2859,273,Shes Just Killing Me,298,8
2860,273,My Mind is Gone,247,9
2861,273,Loaded,228,10
2862,273,Prettyhead,281,11
2863,273,Hummbucking,313,12
2864,274,Poke Chop Sandwich,292,1
2865,274,Crucifixx-a-Flatt,240,2
2866,274,Fearless Boogie,243,3
2867,274,36-22-36,156,4
2868,274,Made Into a Movie,315,5
2869,274,Beatbox,170,6
2870,274,Trippin,237,7
2871,274,Dreadmonboogaloo,157,8
2872,274,Live intro by Ross Mitchell,37,9
2873,274,Sinpusher,321,10
2874,274,Teddy Bear,323,11
2875,274,Hey Mr. Millionaire,257,12
2876,274,Belt Buckle,245,13
2090,275,Damaged,279,1
2091,275,Crucified,261,3
2092,275,Follow Feat. Aaron Lewis,277,5
2093,275,X-Mas Day,278,6
2094,275,Dead Set,312,7
2095,275,Praise,223,8
2096,275,Redefine,330,9
2097,275,Beautiful,275,10
2098,275,Live Again,222,11
2882,275,Trust,319,4